userId,movieId,tag,timestamp
1,3083256,Áo sơ mi công sở,300
6,2184085,Túi bảo vệ,120
6,2505580,Phụ kiện khác,420
6,2842387,Tóc giả nữ,180
9,2506555,Thiết bị sử dụng trong nhà khác,60
10,2049133,Giày sneaker nam,60
10,2333396,Quần tây nam,1860
10,2917983,Quần tây nam,60
11,2251478,Quần lót,60
14,2178705,Quần lót,60
16,3042461,"Ví, bóp tiền nữ",180
17,2605339,Micro,120
17,2605339,Micro,240
17,2788974,Micro,60
17,2788993,Micro,240
18,2934730,Giày thể thao nam,60
20,1326141,Bộ ,180
20,2001859,Quần ngắn,60
20,2608806,Áo thun có tay,180
20,3015850,Đầm suông,120
21,2922593,Đế tản nhiệt laptop,60
24,2222855,Đầm ôm,120
24,2558855,Đầm dạ hội,60
24,2685674,Đầm ôm,60
24,2828147,Đầm xòe,60
24,2828147,Đầm xòe,60
24,2927340,Đầm ôm,60
24,2928786,Đầm ôm,60
27,2039255,Jumpsuit,60
27,2290824,Đầm đôi,120
27,2954829,Jumpsuit,120
27,2954829,Jumpsuit,120
27,3177986,Jumpsuit,60
29,2899557,Giày thể thao nam,60
32,2924539,Xe đạp thông dụng,60
33,2216309,"Cáp sạc, cáp dữ liệu",360
33,2406686,Phụ kiện âm thanh,180
33,3131220,Quạt mini để bàn,360
33,3142637,Phụ kiện khác,60
35,2871178,Đầm xòe,120
35,2895278,Đầm xòe,60
35,3084634,Đầm xòe,120
38,3168464,"Case, bao da điện thoại",60
39,2668876,Áo sơ mi công sở,120
39,2785407,Áo sơ mi công sở,60
39,3105467,Áo sơ mi công sở,60
39,3231683,Đầm maxi,60
39,3246070,Đầm maxi,60
40,1906578,Quần legging,120
40,3015850,Đầm suông,420
41,2929837,"Giày lười, giày mọi nam",120
41,2929837,"Giày lười, giày mọi nam",60
43,2658279,Kem làm trắng,180
43,2741251,Kem làm trắng,180
45,2781040,Bộ ,300
52,958820,Giày bốt nữ,2820
52,1403122,Giày bốt nữ,660
52,2346028,Quần legging,60
54,3192977,"Đồ bộ mặc nhà, đồ ngủ bộ",180
56,2951901,Đầm bầu,120
56,2951962,Đầm bầu,120
58,2878217,Dụng cụ chăm sóc móng,600
62,2388390,Giày sneaker nữ,60
63,2955646,Áo thun có tay,60
63,2997598,Áo thun có tay,120
63,2997598,Áo thun có tay,1020
63,2997598,Áo thun có tay,60
63,2997604,Áo thun có tay,60
63,3079235,Áo thun có tay,60
63,3098016,Áo thun có tay,60
67,2465494,Máy nghe nhạc,60
69,1010050,Áo ngực,120
69,2001881,Áo ngực,120
69,2683435,Áo ngực,60
70,1914639,Quần lót,60
70,3025472,Đồ lót bộ,60
72,1999919,"Giá, kệ để gọn đồ",180
72,2526809,Bình và ly giữ nhiệt,120
72,2603150,"Chăn, mền, chiếu",120
72,2811156,"Chăn, mền, chiếu",120
72,2873713,Bộ dụng cụ đa năng,300
72,2908438,Bộ dụng cụ đa năng,480
74,2877677,Giày thể thao nam,60
80,2812820,Sữa tắm,240
80,2812820,Sữa tắm,420
80,2812820,Sữa tắm,180
81,2631940,Đầm dạ hội,300
81,2686965,Đầm dạ hội,240
81,2740078,Đầm maxi,360
81,2786088,Đầm dạ hội,600
81,2865730,Đầm dạ hội,180
81,2880003,Đầm dạ hội,240
81,2880886,Đầm dạ hội,60
81,2882417,Đầm dạ hội,240
81,2920311,Đầm maxi,840
81,2927718,Đầm maxi,360
85,3070164,Nước hoa nam,60
89,2328061,Quần lót,60
89,2842764,Quần lót,60
90,3092203,Đầm xòe,120
90,3092622,Đầm xòe,240
94,2908033,Jumpsuit,240
96,1242812,Váy xòe,120
96,1372025,Váy xếp ly,180
96,1963535,Váy xòe,60
97,3035453,Đồng hồ quả quýt,60
99,2053576,Áo và quần lửng,780
99,2627028,Áo và quần culottes,240
99,2805948,Quần thời trang,60
99,2810926,Quần thời trang,60
99,2811005,Quần thời trang,60
99,2849084,Quần thời trang,60
99,2849084,Quần thời trang,60
107,3120362,Giày búp bê,60
109,2178617,Quần lót,60
109,2178705,Quần lót,60
114,3042788,"Ví, bóp tiền nữ",60
114,3222891,"Ví, bóp tiền nữ",60
115,2158107,Áo và quần culottes,60
116,765229,Mô hình công trình,300
116,2575101,"Túi bản to, đeo vai",60
116,2895004,"Túi bản to, đeo vai",2160
118,1010811,Áo sơ mi công sở,360
123,2265837,Thiết bị chăm sóc khác,300
123,3017911,"Máy hút ẩm, phun sương",420
123,3083341,Quạt hơi nước,60
123,3086883,"Máy hút ẩm, phun sương",60
123,3092252,"Máy hút ẩm, phun sương",180
123,3094384,"Máy hút ẩm, phun sương",180
126,2240357,Quần kaki,60
126,2313722,Giày sandal nam,240
126,3019123,Giày sandal nam,60
126,3034151,Quần jeans ống côn skinny,180
129,1458312,Áo kiểu,600
130,2978713,Áo sơ mi công sở,60
130,3073088,Áo sơ mi công sở,60
134,2118118,"Đồng hồ vòng tay, lắc dây",180
135,3244697,Bikini,240
136,990950,Nước hoa nam,60
145,2468601,Quần thời trang,60
146,2976665,Miếng lót giày,60
148,2502663,Bật lửa,120
148,2759655,Bật lửa,480
152,2439577,Đầm đôi,60
153,2636183,Áo thun có tay,120
153,3063605,Áo thun có tay,600
153,3063694,Áo thun có tay,360
157,2737575,Máy ép trái cây,120
157,2765283,Máy pha cà phê,3660
157,2828905,Dụng cụ chế biến rau củ,60
157,2873492,Dụng cụ chế biến rau củ,60
157,2931721,Dụng cụ nhà bếp khác,60
160,1100413,Giày bốt nữ,180
160,1987818,Túi đeo chéo nữ,120
160,2241039,Túi đeo chéo nữ,60
160,2322497,Giày bốt nữ,120
160,2322497,Giày bốt nữ,60
160,2435984,Giày bốt nữ,240
160,2478902,Giày bốt nữ,1080
160,2564980,"Ví, bóp tiền nam",120
160,2598544,Túi đeo chéo nữ,240
160,2628933,Giày bốt nữ,60
160,2681541,Giày bốt nữ,360
165,1270013,Áo kiểu,120
165,2158107,Áo và quần culottes,120
166,1878837,Búp bê,60
166,2793360,Búp bê,120
171,2490200,Trang sức,2100
171,2739081,Đồng hồ kim,120
171,2785672,Trang sức,180
172,901836,Giày bốt nam,60
172,1197201,Quần kiểu khác,120
172,1379826,Giày bốt nam,60
172,2663949,Quần lót,300
172,2663955,Quần lót,60
178,2127164,Túi đeo chéo nữ,180
178,2988716,Túi xách tay nữ,120
178,2997492,Túi xách tay nữ,120
178,3078107,Túi xách tay nữ,900
179,2213967,Thú bông,420
186,3098911,Giày cao gót,60
186,3098911,Giày cao gót,120
187,2449655,Đầm đôi,60
193,2902269,Kem chống nắng,240
194,2852177,Phụ kiện khác,180
195,3060078,Quần lót,60
195,3065230,Quần lót,120
199,499034,Váy bút chì,60
199,1346639,Váy bút chì,60
199,1367289,Váy bút chì,540
199,1973411,Váy bút chì,120
199,1973411,Váy bút chì,180
199,2903551,Váy bút chì,540
202,2676074,Áo và quần culottes,60
205,2991878,Son thỏi,540
207,3063977,Sơ mi tay dài,60
207,3063977,Sơ mi tay dài,60
207,3063977,Sơ mi tay dài,60
207,3063977,Sơ mi tay dài,60
207,3063977,Sơ mi tay dài,300
207,3072071,Sơ mi tay ngắn,120
207,3072071,Sơ mi tay ngắn,60
207,3072071,Sơ mi tay ngắn,300
207,3072071,Sơ mi tay ngắn,60
207,3072071,Sơ mi tay ngắn,60
208,2897852,Phụ kiện khác,240
214,2759504,Bộ mỹ phẩm chăm sóc da,120
219,2423655,Nón,60
222,2113540,"Kính râm, kính mát",180
222,2675689,"Kính râm, kính mát",120
222,3044241,"Kính râm, kính mát",60
223,2674350,Quần lót,60
223,2686098,Quần shorts kaki,60
223,2773355,"Pyjama, đồ ngủ",720
226,2725789,BB cream và CC cream,60
226,2917270,BB cream và CC cream,60
227,2989621,Búp bê,300
230,647041,Bật lửa,720
230,1994334,Trang sức,180
230,2647881,Trang sức,60
230,2647881,Trang sức,2340
230,2688413,Bật lửa,60
230,2863786,Bật lửa,60
231,1454245,Áo thun có tay,300
231,2692426,Áo kiểu,60
231,3042305,Thắt lưng bản nhỏ,720
237,2783745,Trang sức,120
238,2834912,Ổ khóa,60
239,2220782,Quần legging,60
239,2262890,Quần thời trang,60
239,2396547,Váy xếp ly,60
239,2740036,Quần thời trang,1440
239,2920400,Đầm maxi,60
241,2051331,Bật lửa,780
241,2168953,Bật lửa,120
241,2287331,Bật lửa,60
241,2349867,Bật lửa,360
241,2400385,Bộ dụng cụ đa năng,180
241,2499738,Bật lửa,540
241,2649219,Đồng hồ điện tử,60
241,2679419,Bật lửa,180
241,2726220,Bật lửa,120
241,2800439,Bật lửa,60
241,2802277,Bật lửa,120
241,2802277,Bật lửa,60
241,2802277,Bật lửa,1440
242,2493337,Bộ ,240
242,2830398,Bộ ,60
244,999091,Áo khoác,60
244,1950383,Áo khoác,60
244,2332599,Áo khoác,660
244,2332599,Áo khoác,60
244,2484701,Áo khoác,60
244,2721529,Áo khoác,120
244,3042747,Áo khoác,60
245,2530651,"Kính râm, kính mát",120
247,1427115,Váy ngắn,60
247,2315572,Váy ngắn,60
247,2363636,Váy ngắn,60
247,2729205,Váy ngắn,480
247,3241337,Balo nữ,240
249,3230792,Quạt đứng,60
251,2178617,Quần lót,60
256,2847417,Áo sơ mi công sở,120
256,2849169,Áo sơ mi công sở,60
257,2504536,Áo bầu,120
257,2810095,Đầm bầu,60
259,2773430,"Ví, bóp tiền nam",120
263,2766706,"Cáp sạc, cáp truyền dữ liệu",420
263,2766837,"Cáp sạc, cáp truyền dữ liệu",300
264,2472055,BB cream và CC cream,120
264,2630306,BB cream và CC cream,60
274,3023236,"Case, bao da điện thoại di động",540
278,3146934,Vali mềm,60
279,987963,Quần tây,60
279,1859432,Quần tây,60
279,2739978,Quần kaki,60
279,3011880,Quần tây,120
279,3011880,Quần tây,360
279,3011880,Quần tây,60
279,3061424,Quần tây,420
285,2846763,Yoga,120
285,2846763,Yoga,120
285,2846819,Yoga,60
285,2846819,Yoga,120
285,2846843,Yoga,60
285,3107039,Yoga,60
285,3107039,Yoga,60
285,3107039,Yoga,120
290,3015752,Đầm suông,180
290,3015850,Đầm suông,420
294,3023989,"Case, bao da điện thoại",60
296,3031925,Kem wax,180
298,2950323,Váy dài,60
300,3158387,Dụng cụ học tập,60
303,3012231,Đầm,60
307,2353249,Phụ kiện khác,60
307,2765641,Sản phẩm khác,60
310,2786123,Áo kiểu,60
310,3093450,Áo kiểu,60
310,3202607,Áo kiểu,60
310,3245062,Áo kiểu,60
320,1428704,Áo kiểu,240
320,1857956,Áo sơ mi công sở,120
320,1857956,Áo sơ mi công sở,60
320,2107191,Áo kiểu,60
320,2107191,Áo kiểu,60
320,2145945,Đầm xòe,60
320,2558460,Áo kiểu,240
320,2558460,Áo kiểu,60
320,2558460,Áo kiểu,60
320,2903400,Áo kiểu,60
320,2903400,Áo kiểu,60
320,3025102,Đầm xòe,60
320,3060511,Đầm maxi,60
322,2991052,Áo và quần culottes,840
323,2117311,Áo sơ mi công sở,120
325,2324018,Túi đeo chéo nữ,120
325,2490499,Túi đeo chéo nữ,60
325,2772883,Túi đeo chéo nữ,120
325,2899312,Túi đeo chéo nữ,120
325,2957246,Túi đeo chéo nữ,60
325,3065424,Túi đeo chéo nữ,120
326,2441265,Đầm xòe,60
326,2441557,Đầm xòe,480
326,2665306,Đầm xòe,60
326,2914815,Đầm xòe,180
326,2928973,Đầm xòe,180
329,2523623,Đồng hồ,60
329,2803252,Đồng hồ,60
330,2247347,Đầm xòe,120
330,2352453,Đầm xòe,60
330,2985640,Đầm xòe,180
331,2020829,Váy xếp ly,120
331,2895793,Quần shorts,180
331,3095257,Quần shorts,180
333,3205020,Giày thể thao nam,120
334,2255852,Máy khoan,240
334,2255852,Máy khoan,360
334,2671861,"Máy cắt, máy mài",480
334,2678833,Máy khoan,480
334,2754130,Máy khoan,60
335,2941983,"Tủ vải, hộp, thùng đựng đồ",300
336,2369303,Thuốc nhuộm tóc,1200
337,2988464,"Kính râm, kính mát",120
337,3073971,Sản phẩm khác,60
337,3074007,"Quần áo, váy đi biển",360
340,2370825,"Áo khoác len, cardigan",60
340,2463936,"Áo khoác len, cardigan",3480
342,3048418,Áo sơ mi công sở,60
342,3053358,Áo sơ mi công sở,60
346,2705585,Giày cao gót,180
348,2797995,Quần jeans ống côn skinny,60
348,2800035,Quần jeans ống côn skinny,60
349,2743955,"Máy, khuôn và dụng cụ làm kem",60
349,2743979,"Máy, khuôn và dụng cụ làm kem",60
352,1984135,Đồng hồ thể thao,300
352,3066299,Đồng hồ kim,120
355,2650537,Giày sandal nam,300
355,2717554,"Dép quai ngang, chéo nam",120
355,2907548,Giày sandal nam,60
357,2486573,Đồng hồ thời trang,60
360,2606802,Sản phẩm khác,60
362,2870161,Chuột,120
363,2546202,"Rô bốt, động vật",60
363,3178732,Ô tô,120
367,1885579,Túi đeo chéo nam,60
367,2163965,Túi đeo chéo nam,180
367,2812750,Túi đeo chéo nam,60
367,2864055,Túi đeo chéo nam,180
367,2918278,Túi đeo chéo nam,180
368,2951253,Các trò khác,60
370,2302988,Giày bốt nam,240
371,3032601,Áo sơ mi công sở,120
375,2883562,"Giày lười, giày mọi nam",60
376,2853112,Son tint,60
376,2862665,Son tint,60
376,3085631,Son tint,60
378,2890678,"Giầy, dép",120
378,2890678,"Giầy, dép",120
379,917359,Đầm,60
379,2800584,Đầm,480
379,2893255,Đầm,60
379,2955730,Đầm,60
380,2441622,Áo sơ mi công sở,120
382,3181831,Mặt nạ dưỡng da,240
382,3192940,"Kem lột, trị mụn",180
382,3214916,Mặt nạ dưỡng da,120
382,3214916,Mặt nạ dưỡng da,60
383,1407575,"Kính râm, kính mát",60
383,2783135,"Kính râm, kính mát",60
383,2967115,"Kính râm, kính mát",60
383,3073244,"Kính râm, kính mát",240
383,3073289,"Kính râm, kính mát",60
385,1205337,Đầm suông,120
386,2927865,Sản phẩm khác,60
392,3023935,Đầm suông,540
392,3075191,Đầm suông,120
395,1289916,Bộ ,360
395,1344892,Bộ ,60
395,1392161,Bộ ,60
395,1392202,Bộ ,120
395,1392267,Bộ ,240
395,2005142,Bộ ,60
395,2289061,Bộ ,60
395,2522057,Bộ ,60
395,2742208,Áo thun,180
395,2780642,Bộ ,300
395,2816172,Nón,180
395,2859775,Đầm,180
395,2876557,Áo thun,60
395,2892737,Bộ ,60
395,2913005,Đầm,60
395,2913005,Đầm,120
395,2913005,Đầm,60
395,2934773,Bộ ,180
395,2934940,Bộ ,60
397,3045289,Bộ quần áo thể thao,60
398,2863509,Giày sneaker nữ,780
400,3073338,Đồng hồ kim,60
401,3056246,Bikini,120
401,3073738,Bikini,120
401,3198686,Một mảnh,240
402,2493332,Mô hình nhân vật,60
402,2758067,Móc khóa,60
402,2889851,Đồng hồ kim,60
402,2996824,Móc khóa,60
402,3027005,Vật phẩm,60
402,3074351,Vật phẩm,180
407,2031722,Đầm dạ hội,60
408,3056598,Quạt xoay treo trần,60
410,1469398,Quần lót,60
411,2969692,Đồ lót bộ,60
411,2969692,Đồ lót bộ,60
412,2788929,Đầm maxi,60
412,3089556,Đầm suông,60
413,2849204,"Dép quai ngang, chéo nam",60
413,2849204,"Dép quai ngang, chéo nam",420
413,3085150,Nón,60
417,890755,Áo khoác có mũ,60
417,890755,Áo khoác có mũ,480
417,938941,Áo khoác có mũ,60
417,2602368,Áo khoác có mũ,60
417,2781348,Áo khoác có mũ,60
417,2781348,Áo khoác có mũ,180
417,2902234,Áo khoác có mũ,60
417,2902234,Áo khoác có mũ,60
423,3093870,Đầm suông,120
423,3183111,Đầm suông,120
424,1208062,Găng tay,60
424,1456377,Găng tay,60
424,2543030,Găng tay,120
425,1857956,Áo sơ mi công sở,60
428,2892354,Búp bê,420
429,2846438,Đầm xòe,60
431,2251478,Quần lót,60
431,2639420,Quần lót,60
434,2825859,Đầm xòe,60
435,3188691,Đầm xòe,240
438,2681333,Đầm xòe,60
441,3096544,Quần thời trang,60
441,3175679,Quần shorts,60
441,3186599,Quần shorts,60
448,2253935,Túi đeo chéo nữ,120
448,2319377,Túi đeo chéo nữ,60
448,2522458,Túi đeo chéo nữ,60
448,2541724,Túi đeo chéo nữ,240
448,2846244,Túi đeo chéo nữ,420
450,2095291,Giày Oxford nữ,180
450,2662576,Giày sneaker nữ,60
454,3243119,Dụng cụ nhà bếp khác,600
456,1407423,Áo sơ mi công sở,480
456,2709346,Đầm maxi,120
456,2745093,Đầm maxi,360
456,2904877,Đầm maxi,60
460,2870377,Điện thoại di động,60
461,3054694,Bộ chăn ga gối đệm,60
461,3058806,Bộ chăn ga gối đệm,60
463,2407180,Giày đế xuồng,120
467,1938282,Quần kaki,60
467,2466176,Quần kaki,60
467,2655077,Quần kaki,60
467,3065163,Quần tây,660
469,2179342,Áo và quần dài,60
469,2468228,Áo sơ mi công sở,60
475,1837371,Thắt lưng,60
475,2338093,Thắt lưng,60
475,2497979,Thắt lưng,60
475,2622189,Thắt lưng bản to,60
475,2703816,Thắt lưng,60
475,2802219,Thắt lưng,120
475,3010751,Thắt lưng,900
475,3010751,Thắt lưng,60
476,3098601,Bộ ,360
478,2856311,Quần jeans ống côn skinny,120
480,2744930,Thẻ nhớ,300
481,1352155,Balo nam,540
483,2139007,Nồi áp suất điện,60
483,2558525,Nồi áp suất điện,60
483,2619527,Nồi áp suất điện,60
483,2746580,Nồi áp suất điện,60
483,2929438,Nồi áp suất điện,60
484,2006890,Quần lót,120
484,2622163,Áo lót,60
484,2889698,Quần lót,60
484,2912444,Quần lót,60
488,2801836,Quần kaki,60
488,3059122,Quần kaki,60
488,3098809,Quần kaki,60
488,3107206,Quần kaki,60
489,2310508,Giày sneaker nữ,60
492,1998082,Dưỡng tóc,3660
494,2844775,Giày sneaker nam,300
496,2383073,Đầm xòe,120
497,1914639,Quần lót,60
497,3059690,Quần lót,60
499,3113307,Điện thoại di động,60
501,1872741,Áo sơ mi công sở,120
501,2209968,Áo sơ mi công sở,60
501,3088671,Áo sơ mi công sở,60
501,3088671,Áo sơ mi công sở,60
502,3043103,Túi xách tay nữ,120
503,2883703,"Đồ bộ mặc nhà, đồ ngủ bộ",60
503,2954036,"Đồ bộ mặc nhà, đồ ngủ bộ",60
509,811198,Đầm xòe,60
509,811198,Đầm xòe,60
509,2085997,Đầm xòe,60
509,3007889,Đầm xòe,60
511,2899729,Giày thể thao nam,60
511,2934823,Giày thể thao nam,240
512,3008735,Áo khoác đôi,60
514,2365213,Nước hoa hồng,180
514,3110946,Nước hoa hồng,120
519,2024021,Áo thun không cổ,120
519,2024021,Áo thun không cổ,420
519,2024021,Áo thun không cổ,60
519,2800948,Áo thun không cổ,60
519,2826417,"Áo thể thao, tập gym",60
519,2826417,"Áo thể thao, tập gym",240
521,2229882,Đồng hồ thể thao,120
521,2952199,Đồng hồ lộ máy,120
521,2952199,Đồng hồ lộ máy,120
521,3039493,Đồng hồ thể thao,120
521,3060678,Đồng hồ lộ máy,60
522,781375,Đầm xòe,60
522,2640447,Áo sơ mi công sở,60
522,3007889,Đầm xòe,60
523,3241774,Đầm xòe,60
524,1928849,Giày tây,60
524,2284390,Giày tây,120
524,2839895,Giày tây,1200
524,2872851,"Giày lười, giày mọi nam",180
527,2422736,Bao cao su,60
527,2500546,Bao cao su,60
527,2500546,Bao cao su,60
527,2676738,Bổ sung tăng cường,60
527,2724813,Bổ sung tăng cường,60
532,3148700,Áo sơ mi công sở,120
535,2090897,"Túi xách tay, cặp nam",120
535,2706988,"Túi xách tay, cặp nam",120
535,2931873,Vali - Túi du lịch khác,300
539,899556,Bộ dụng cụ đa năng,120
540,3105669,Áo sơ mi công sở,60
542,2772088,Gậy selfie,600
542,2772088,Gậy selfie,60
543,3079660,Áo thun có tay,60
544,2082792,Áo và chân váy,120
544,2399866,Áo và chân váy,60
544,2678693,Áo và chân váy,120
544,2766311,Áo kiểu,60
544,2766311,Áo kiểu,60
547,2864117,Đầm maxi,60
547,2924282,Đầm dạ hội,60
553,2547490,Đồng hồ kim,60
553,2555413,Đồng hồ điện tử,480
553,2555413,Đồng hồ điện tử,60
553,2833982,Đồng hồ kim,300
557,2254190,"Kính râm, kính mát",60
558,642188,Bàn phím,240
558,2464883,Bàn phím,60
558,2755963,Bàn phím máy tính bảng,60
558,2925093,Bàn phím máy tính bảng,60
560,1882998,Áo và quần culottes,60
560,2217695,Đầm xòe,60
560,2884703,Đầm suông,60
560,3015850,Đầm suông,60
560,3033577,Đầm suông,60
560,3066831,Đầm suông,240
561,3226009,Túi xách nữ khác,120
562,3186218,Sản phẩm khác,60
563,1463075,Quần shorts kaki,120
563,2492125,Quần kaki,120
563,2590131,Sơ mi tay ngắn,120
563,2739347,Sơ mi tay dài,60
563,2743390,Quần kaki,120
563,2812137,Sơ mi tay dài,360
563,2884212,Quần jogger,720
563,2895801,Sơ mi tay dài,60
563,2896509,Sơ mi tay dài,60
563,2919614,Quần kaki,60
563,2922830,Quần jogger,60
563,2926152,Quần kaki,60
563,2935710,Sơ mi tay dài,120
567,2891030,Loa,240
570,1961641,"Vớ, tất",60
571,2795967,Áo thun không cổ,600
571,2930871,Áo thun không cổ,60
572,2142545,"Áo khoác dạ, măng tô",60
572,2142545,"Áo khoác dạ, măng tô",60
572,2424741,"Áo khoác dạ, măng tô",120
572,2536009,"Áo khoác dạ, măng tô",120
575,2827238,Đầm ôm,60
579,2895278,Đầm xòe,180
580,2926402,Áo ngực,60
580,2926402,Áo ngực,120
582,2178617,Quần lót,60
583,2744842,Sản phẩm bôi trơn,60
584,2723498,Đầm xòe,300
584,2723498,Đầm xòe,600
587,2355566,Trang sức,240
589,2535935,Quần legging,60
589,2994232,Quần legging,480
589,3153588,Quần legging,60
590,2178571,Quần lót,60
590,2269859,Quần lót,60
590,2475040,Quần lót,60
590,2743456,Quần lót,60
592,1944715,Áo và quần dài,240
592,3218051,Đầm dạ hội,60
593,2875758,Đồ câu cá,240
596,2885136,Đầm suông,60
596,3067295,Đầm suông,60
599,3221692,Váy chữ A,60
604,2744522,Giày sneaker nữ,120
604,2912954,Giày sneaker nữ,60
604,3039238,Giày thể thao nữ,300
604,3090278,Giày thể thao nữ,60
610,2010541,Búp bê,60
610,2969718,Búp bê,120
610,3139761,Quạt mini để bàn,480
610,3145851,Quạt mini để bàn,300
613,2978672,"Case, bao da điện thoại di động",240
615,1902599,"Giá, kệ để gọn đồ",60
615,2702587,Dụng cụ nhà bếp khác,60
615,2823506,"Giá, kệ để gọn đồ",180
615,3011571,"Giá, kệ để gọn đồ",60
615,3034551,"Giá, kệ để gọn đồ",120
617,3200385,Quần lót,60
618,2358951,Rau củ quả sấy khô,60
618,2440865,Rau củ quả sấy khô,60
618,2751487,Áo khoác chống nắng,180
620,2485163,Máy nghe nhạc,60
620,3199382,Máy nghe nhạc,120
622,3140555,"Đồ bộ mặc nhà, đồ ngủ bộ",300
622,3140581,"Đồ bộ mặc nhà, đồ ngủ bộ",120
626,1248706,"Kính râm, kính mát",60
626,2994657,"Kính râm, kính mát",120
628,2840136,Giày sneaker nam,60
631,2977218,Balo nữ,60
635,2646507,Áo thun có tay,60
635,2801426,Áo thun có tay,60
635,2928526,Áo khoác chống nắng,60
637,2542020,Đầm xòe,480
638,1960259,Bikini,120
641,1905194,Móc treo,120
641,2026384,Móc treo,60
641,2402750,Móc treo,60
641,2862175,Móc treo,120
641,2979508,Móc treo,60
642,1930061,Áo cưới,60
643,2178511,Quần lót,120
643,2407797,Quần lót,60
646,2661372,Giày thể thao nam,120
646,2930744,Giày thể thao nam,240
648,2869103,Giày sneaker nữ,60
648,2888281,Giày sneaker nữ,60
649,1944715,Áo và quần dài,60
651,3173753,Đầm xòe,60
652,2412504,Đầm ôm,60
652,2995879,Đầm ôm,120
653,2205948,Son dưỡng,180
653,2321753,"Giày mọi, slip on nữ",60
654,2178617,Quần lót,60
658,1957652,Board games,180
658,2308118,Board games,180
658,2364874,Board games,120
658,2884391,Board games,300
658,2908085,Board games,60
658,3016214,Khác,480
658,3016214,Khác,120
659,1169178,Áo thun có tay,60
659,2826161,Áo thun có tay,120
660,2216297,"Leo núi, cắm trại",60
660,2616547,"Leo núi, cắm trại",240
660,2691355,Các loại đồ chơi vận động,60
664,3207542,Đồ lót bộ,60
667,2283394,Bật lửa,240
667,2486126,Loa,180
667,2644558,Máy nghe nhạc,120
667,2806045,Bật lửa,540
667,2806045,Bật lửa,60
667,2806045,Bật lửa,240
667,2819309,Bật lửa,60
668,2368104,Giày sneaker nam,60
668,2811732,Giày sneaker nam,60
669,2653251,Tai nghe,180
671,3120499,Đầm đôi,60
672,2957419,"Mùng, rèm",540
673,2841085,Đồng hồ đôi,60
673,2889112,Đồng hồ đôi,60
673,2931395,Đồng hồ đôi,60
674,2278935,"Giày mọi, slip on nữ",480
676,3041584,"Dao, kéo, thớt",60
676,3067083,"Dao, kéo, thớt",120
676,3067480,"Dao, kéo, thớt",420
676,3067480,"Dao, kéo, thớt",120
676,3098686,"Dao, kéo, thớt",60
677,2807778,Đồng hồ thời trang,60
677,3245088,"Quần thể thao, tập gym",960
679,2863953,Giày sandal nữ,180
679,2870845,Giày sandal nữ,60
681,795962,Đầm suông,240
681,2658480,Đầm suông,120
681,2658480,Đầm suông,840
681,2832534,Đầm suông,60
682,2622585,Đầm ôm,60
682,2807781,Đầm suông,60
682,2858247,Đầm suông,60
682,3049624,Đầm xòe,60
682,3049624,Đầm xòe,120
683,3061420,Quần tây,60
684,2395162,Quần jeans ống côn skinny,3600
684,2419006,Quần jeans ống côn skinny,120
684,2480228,Quần jeans ống côn skinny,60
684,2566088,Quần jeans ống côn skinny,480
684,2699678,Quần jeans ống côn skinny,60
684,2711408,Quần jeans ống côn skinny,180
685,2676380,Đầm ôm,60
686,2473509,Đồng hồ kim,60
687,2820971,Mắt kính thông minh,60
690,1183017,Nón,60
692,2766148,Giày sneaker nữ,420
693,2836187,Đèn pin,120
697,2976665,Miếng lót giày,60
699,2980458,Bộ ,60
699,3190021,Bộ ,60
699,3190021,Bộ ,120
700,2870384,Điện thoại di động,60
700,2870447,Điện thoại di động,60
700,2870603,Điện thoại di động,660
700,2870603,Điện thoại di động,360
700,2930087,Điện thoại di động,960
701,2595521,Pin laptop,60
701,2595521,Pin laptop,180
705,2989417,Đầm dạ hội,60
705,2989417,Đầm dạ hội,60
707,2635900,Bàn phím,60
707,2644083,Quần jeans ống côn skinny,60
707,2644083,Quần jeans ống côn skinny,420
707,2893965,Bàn phím,60
707,3158601,Bàn phím,60
710,3032601,Áo sơ mi công sở,60
711,2464344,Tai nghe,60
712,2438878,Giày sneaker nam,60
713,2841334,Sản phẩm khác,120
713,2841334,Sản phẩm khác,180
713,2841334,Sản phẩm khác,120
713,2841334,Sản phẩm khác,120
713,2841334,Sản phẩm khác,60
713,2985709,Áo kiểu,60
713,2985715,Áo kiểu,60
713,2997604,Áo thun có tay,60
713,3131595,Sản phẩm khác,60
713,3134216,Áo dài,60
713,3134347,Áo dài,60
713,3188526,Áo và chân váy,60
718,2815738,Bộ ,120
721,3056447,Áo thun có tay,60
721,3151392,Áo dài,60
721,3162463,Áo dài,120
721,3209304,Áo thun có tay,180
721,3218851,Áo thun có tay,120
721,3218851,Áo thun có tay,60
722,2676074,Áo và quần culottes,60
722,2676074,Áo và quần culottes,60
722,2781583,"Đồ bộ mặc nhà, đồ ngủ bộ",120
722,2796676,Áo và quần culottes,60
722,2905182,"Đồ bộ mặc nhà, đồ ngủ bộ",120
722,2954038,"Đồ bộ mặc nhà, đồ ngủ bộ",60
722,2972245,Sản phẩm khác,60
722,2989677,Áo và quần dài,60
722,2989701,"Đồ bộ mặc nhà, đồ ngủ bộ",60
722,2989701,"Đồ bộ mặc nhà, đồ ngủ bộ",120
722,3007192,Áo và quần dài,60
722,3042805,"Đồ bộ mặc nhà, đồ ngủ bộ",60
723,2918061,Nón,120
725,3153689,Áo và quần lửng,60
725,3156159,Áo và quần lửng,120
725,3199045,Váy xòe,60
725,3201641,Jumpsuit,60
725,3205077,Đầm xòe,60
726,1348368,Giày thể thao nam,60
726,1958616,Giày sneaker nam,60
726,2135834,Giày thể thao nam,180
726,2954039,Giày thể thao nam,120
726,3010757,Giày thể thao nam,60
726,3019780,Giày thể thao nam,180
727,2852141,"Áo khoác len, cardigan",840
728,3086158,Đầm ôm,180
729,2178683,Jumpsuit,180
729,2928527,Jumpsuit,180
729,2929979,Jumpsuit,60
730,1996081,"Leo núi, cắm trại",120
733,2487606,Balo khác,60
733,2670466,Balo khác,60
733,2670466,Balo khác,60
739,1860186,Đầm dạ hội,60
739,2271064,Đầm dạ hội,180
739,2924282,Đầm dạ hội,60
746,3076106,Giày sandal nữ,60
747,2861520,Nhẫn,60
750,3079403,Quần tây nam,60
757,1205337,Đầm suông,60
759,2307946,Áo và chân váy,120
759,2444217,Áo và chân váy,180
759,2952344,Áo và chân váy,120
759,3037518,Áo và chân váy,180
759,3097381,Áo và quần lửng,60
761,2024021,Áo thun không cổ,120
761,2862878,Quần jeans ống côn skinny,2820
766,1955233,Vệ sinh cá nhân,60
766,2690123,Chảo,60
767,1987912,Đồ dùng sinh hoạt khác,240
767,2216297,"Leo núi, cắm trại",60
767,2279015,Nón bảo hiểm nửa đầu,120
767,2461419,Nón bảo hiểm nửa đầu,120
767,2856347,Đầm ôm,60
767,2871541,Đầm ôm,120
767,2895906,Đầm ôm,120
767,2961615,Đầm ôm,60
770,2765715,Đồng hồ kim,60
773,2207702,Máy hút bụi,60
773,2639538,Máy hút bụi,60
780,2216297,"Leo núi, cắm trại",60
780,2285347,"Giày lười, giày mọi nam",60
780,2481934,"Ví, bóp tiền nam",60
780,3008613,Balo khác,240
781,3098522,Áo kiểu,60
781,3115486,Áo kiểu,60
781,3144967,Áo kiểu,120
781,3156272,Áo kiểu,120
781,3212536,Áo kiểu,60
781,3212536,Áo kiểu,120
781,3217253,Áo kiểu,60
781,3217253,Áo kiểu,60
781,3217253,Áo kiểu,60
782,2921637,Đồng hồ thể thao,60
783,2282349,"Đồng hồ vòng tay, lắc dây",60
783,2369611,"Đồng hồ vòng tay, lắc dây",120
783,2369924,"Đồng hồ vòng tay, lắc dây",180
784,3075296,Thẻ bài,60
788,3120808,Đồ lót bộ,60
790,1881605,Trang sức,120
790,1881605,Trang sức,1320
790,2799244,"Leo núi, cắm trại",3720
796,2655126,Váy ngủ,180
798,2769640,Áo và quần culottes,120
798,2921207,Áo và quần lửng,60
798,3081963,Jumpsuit,60
798,3199429,Áo và quần culottes,60
799,2616523,Đồng hồ thể thao,60
799,2836779,Đồng hồ điện tử,240
799,3144061,Đồng hồ lộ máy,60
802,2229841,Đồng hồ lộ máy,60
804,2148818,Giày sneaker nam,60
804,2380229,Loa,60
807,2811704,Đồng hồ kim,960
808,1348822,Một mảnh,60
808,1455195,Một mảnh,60
808,1856698,Một mảnh,180
808,1865234,Bikini,60
808,2937783,Một mảnh,120
808,2961288,Một mảnh,60
808,3000993,Một mảnh,120
808,3009038,Một mảnh,60
808,3019524,Một mảnh,60
808,3042061,Một mảnh,60
809,942485,Đầm bầu,60
809,2199146,Đầm bầu,60
809,2952347,Đầm bầu,240
809,3180123,Đầm bầu,60
810,2242604,Đồng hồ kim,60
810,2380420,Đồng hồ kim,120
810,2816272,Đồng hồ kim,120
810,2945793,Đồng hồ thể thao,60
810,2975324,Đồng hồ kim,180
810,2975582,Đồng hồ kim,120
810,2978033,Đồng hồ kim,60
812,1973540,Đầm maxi,180
812,2215787,Đầm dạ hội,60
812,2341569,Đầm suông,120
812,2455039,Đầm maxi,60
812,2563165,Đầm suông,60
812,2848073,Đầm maxi,120
812,2917062,Đầm ôm,60
812,2917062,Đầm ôm,60
812,2923343,Đầm maxi,60
818,564767,Sản phẩm khác,60
818,1865093,"Bình, ly, bộ ly tách",120
818,2033950,"Ly, tách",240
818,2109292,Sản phẩm khác,60
818,2357089,"Bình, ly, bộ ly tách",60
818,2416657,Khác,60
818,2460020,"Chân nến, lò đốt tinh dầu",60
818,2541925,"Bình, ly, bộ ly tách",60
818,2726985,"Bình, ly, bộ ly tách",60
818,2842605,"Cốc, bát, thìa, dĩa",60
818,2848864,Bình và ly giữ nhiệt,120
818,2848864,Bình và ly giữ nhiệt,120
818,2913250,"Kệ, hộp bút",60
820,2266836,Tai nghe,60
820,2521654,Tai nghe,120
820,2859292,Tai nghe,60
822,2806901,Áo và quần lửng,180
822,2963082,Áo và quần lửng,60
822,2988907,Áo và quần lửng,60
822,2990313,Áo và quần lửng,120
822,2997589,Áo và quần lửng,60
822,3041401,Áo và quần lửng,60
822,3065524,Áo và quần lửng,60
822,3093481,Áo và quần lửng,60
822,3095728,Áo và quần lửng,60
824,2963627,Nhẫn,120
824,2971602,Trang sức,60
824,3034300,Nhẫn,60
825,1407423,Áo sơ mi công sở,60
825,3109736,Áo sơ mi công sở,60
827,2029499,Quần lót,60
827,2952667,Đồ lót bộ,60
828,1205337,Đầm suông,60
828,1864149,Áo kiểu,60
828,2874846,Áo kiểu,300
828,3092794,Áo kiểu,120
832,2918120,"Nón kết, nón lưỡi trai",240
833,1953906,Gậy selfie,60
834,2555476,Quần jeans ống côn skinny,300
834,2614547,Quần jeans ống côn skinny,360
834,2635272,Quần jeans ống côn skinny,60
834,2636717,Quần jeans ống côn skinny,60
834,2644350,Quần jeans ống côn skinny,60
834,2704596,Quần jeans ống côn skinny,120
834,2709814,Quần jeans ống côn skinny,60
834,2902041,Quần jeans ống côn skinny,60
834,2931985,Quần jeans ống côn skinny,60
834,2933833,Quần jeans ống côn skinny,180
834,2933833,Quần jeans ống côn skinny,60
834,2933833,Quần jeans ống côn skinny,240
835,1199772,"Giày lười, giày mọi nam",60
835,2178958,Giày bánh mì,180
835,2213167,Giày sneaker nam,60
835,2436085,"Vớ, tất",60
835,2526823,"Giày lười, giày mọi nam",60
835,2618579,"Giày lười, giày mọi nam",120
835,2698659,"Giày lười, giày mọi nam",1380
835,2777078,Giày bánh mì,60
835,2798953,Giày bánh mì,60
835,2814590,"Giày lười, giày mọi nam",60
835,2852205,"Giày lười, giày mọi nam",60
835,2865430,"Giày lười, giày mọi nam",60
835,2868567,Giày sneaker nam,60
838,3080189,"Giày lười, giày mọi nam",420
841,2877367,Điện thoại di động,120
842,2825490,Áo polo có cổ,60
844,3208029,Đồ lót bộ,60
845,2039507,Quần tây,60
845,2901858,Quần tây,60
846,2460522,Đầm bầu,900
847,2917205,"Ví, bóp tiền nữ",120
847,3132928,"Ví, bóp tiền nữ",120
852,2860963,Đầm maxi,60
852,2895869,Đầm suông,60
856,2629180,"Kem lột, trị mụn",1020
856,2783210,"Treo cũi, thảm chơi, ghế rung",60
858,3050933,Áo khoác cách điệu,60
860,2972364,Đầm maxi,60
861,3147015,Đầm suông,120
863,2687326,Áo và quần dài,60
864,2145548,Đồ bơi,60
864,3176578,Đồ bơi,60
867,2241650,Túi đựng đồ cho bé,60
867,3034843,Túi đựng đồ cho bé,60
868,2062326,Giày cao gót,60
868,2155635,Giày cao gót,240
868,2768926,Giày sandal nữ,120
868,2768926,Giày sandal nữ,60
868,3193732,Giày cao gót,360
869,2179342,Áo và quần dài,180
871,2489269,Áo thun ngắn tay không cổ,120
871,2645703,Áo thun ngắn tay không cổ,60
871,3062495,Áo thun có tay,60
872,2033144,Quần kaki,480
872,2844328,Quần kaki,60
876,3073119,Đầm suông,360
877,3181920,Áo sơ mi công sở,60
879,2508509,Búp bê,120
880,3036289,Vòng tay,180
880,3036289,Vòng tay,60
880,3043491,Vòng tay,60
880,3165298,Vòng tay,60
880,3168193,Vòng tay,120
880,3187689,Vòng tay,60
880,3189285,Vòng tay,120
880,3189311,Vòng tay,180
881,3236234,Quần shorts,60
885,3031265,Giày tây,540
886,2058611,Quần jean,60
886,2661059,Quần jean,540
886,2676196,Áo kiểu,60
886,3131392,Quần jean,60
887,2492349,Mô hình nhân vật,60
887,2925988,"Leo núi, cắm trại",120
887,3008758,"Leo núi, cắm trại",60
888,3060045,Quần lót,60
888,3088649,Áo thun không tay,60
888,3197650,Áo kiểu,120
888,3197650,Áo kiểu,60
888,3197650,Áo kiểu,300
889,593261,Giày bốt nữ,60
889,906112,Giày bánh mì,60
889,1313388,Giày cao gót,180
889,2905766,Giày Oxford nữ,60
891,678984,Đầm bầu,60
893,1296997,"Giầy, dép",300
893,2170951,"Giầy, dép",60
893,2812305,"Giầy, dép",60
893,2993524,"Giầy, dép",480
893,3002820,"Giầy, dép",120
893,3047633,"Giầy, dép",180
894,1317418,Áo thun có tay,180
894,3092771,Áo và quần culottes,720
896,2836000,Trang sức,1080
897,2293939,Giày sandal nữ,60
899,3184378,Túi đeo chéo nữ,60
900,1343103,Áo kiểu,60
900,2608140,Áo kiểu,660
900,3146346,Áo kiểu,120
902,2588440,Tóc giả nữ,60
902,2767725,Tóc giả nữ,600
906,3073119,Đầm suông,60
907,2881016,Giày thể thao nam,60
907,2937467,Giày thể thao nam,60
909,1837036,Đầm ôm,60
909,2035441,Đầm dạ hội,120
909,2202049,Áo thun có tay,240
909,2907015,Đầm ôm,60
910,3093277,Áo thun có tay,120
911,2393965,Áo và quần dài,60
915,2695093,"Bộ sạc pin, sạc đa năng",360
915,2763115,"Bộ sạc pin, sạc đa năng",180
917,1118978,Đầm xòe,180
920,2036801,Áo sơ mi công sở,60
920,2036801,Áo sơ mi công sở,60
920,2036801,Áo sơ mi công sở,360
920,2109095,Áo sơ mi công sở,60
920,2201664,Áo sơ mi công sở,60
920,2640447,Áo sơ mi công sở,60
920,2906789,Áo sơ mi công sở,60
920,2978713,Áo sơ mi công sở,120
924,1407423,Áo sơ mi công sở,120
924,2456104,Giày sneaker nam,480
924,3019470,Áo kiểu,60
924,3073088,Áo sơ mi công sở,60
929,2309103,Đầm xòe,120
932,2935099,Áo thun có tay,600
933,846108,Jumpsuit,120
933,846108,Jumpsuit,60
933,2997626,Jumpsuit,720
935,1879248,Tai nghe,120
935,2819496,Tai nghe,120
937,1115262,Đầm ôm,7320
937,2196626,Balo khác,60
937,2196626,Balo khác,60
940,2747345,Quần jeans ống suông,780
941,3207322,Áo và quần culottes,120
942,2184007,Son thỏi,120
942,2253773,Son thỏi,60
942,2583514,Son thỏi,120
942,2835115,Son thỏi,120
942,2885523,Son thỏi,120
942,2885523,Son thỏi,60
942,2885523,Son thỏi,240
942,2920796,Son tint,60
951,2639243,Quần lót,60
951,2639284,Quần lót,60
951,2893182,Váy ngủ,120
951,2906543,Quần lót,60
951,2930956,Quần lót,120
953,2835115,Son thỏi,180
954,2892447,Mô hình nhân vật,60
957,1374295,Bikini,180
965,3176798,Loa,60
965,3178166,Máy nghe nhạc,120
965,3181189,Máy nghe nhạc,60
965,3181189,Máy nghe nhạc,120
965,3210428,Máy nghe nhạc,120
965,3210428,Máy nghe nhạc,60
966,3073387,Quạt hơi nước,120
968,3000860,Đầm suông,120
971,2353001,Đầm ôm,120
971,2621475,Đầm ôm,60
971,2622570,Đầm ôm,60
971,2622595,Đầm ôm,60
971,2824669,Áo kiểu,120
972,2579566,Quạt treo tường,60
975,1829165,Đồng hồ kim,60
977,1062306,Đầm xòe,120
977,2604881,Đầm xòe,120
977,3098906,Đầm xòe,60
982,2877331,Điện thoại di động,60
982,2898088,Điện thoại di động,60
982,2931885,Điện thoại di động,240
982,2931885,Điện thoại di động,720
982,2931885,Điện thoại di động,120
982,3019588,Điện thoại di động,60
983,2308879,Đồng hồ lộ máy,60
983,2740761,Đồng hồ lộ máy,60
983,2740761,Đồng hồ lộ máy,60
983,3045983,Đồng hồ lộ máy,60
983,3049331,Đồng hồ kim,60
983,3080530,Đồng hồ lộ máy,60
983,3080530,Đồng hồ lộ máy,60
983,3080816,Đồng hồ kim,60
983,3080827,Đồng hồ kim,60
983,3094789,Đồng hồ kim,60
984,2101288,"Tủ vải, hộp, thùng đựng đồ",240
984,2115174,"Tủ vải, hộp, thùng đựng đồ",120
984,2115174,"Tủ vải, hộp, thùng đựng đồ",120
984,2167413,"Tủ vải, hộp, thùng đựng đồ",240
984,2263262,"Tủ vải, hộp, thùng đựng đồ",180
985,2456942,Áo kiểu,120
990,2688724,Áo khoác chống nắng,120
990,2740079,Giày thể thao nam,240
990,2868770,Mô hình nhân vật,240
990,2889654,Giày thể thao nam,180
990,2917792,Giày thể thao nam,120
990,2930744,Giày thể thao nam,60
990,2936797,Giày thể thao nam,120
996,2861749,Túi đeo chéo nam,60
996,2861749,Túi đeo chéo nam,60
997,2972364,Đầm maxi,180
997,3204530,Đầm maxi,180
997,3204611,Đầm maxi,60
999,2578244,Phụ kiện âm thanh,60
1002,2776638,Giày cao gót,60
1002,2776638,Giày cao gót,60
1002,2776638,Giày cao gót,720
1002,2952276,Giày sandal nữ,120
1003,3017961,Đầm đôi,60
1005,2796287,Áo sơ mi công sở,120
1009,1301585,"Máy và khuôn, khay làm bánh",180
1010,2058489,Quần jean,60
1010,2527600,Áo kiểu,60
1010,2625906,Quần legging,120
1010,2710063,Quần tây,60
1010,2816861,Quần legging,60
1010,2917336,Áo khoác thể thao,60
1010,2943369,Quần legging,60
1010,2965116,Áo khoác thể thao,240
1010,2968335,Áo khoác thể thao,60
1010,2989783,Áo kiểu,120
1010,3098864,Áo kiểu,60
1011,2713964,"Cáp sạc, cáp truyền dữ liệu",120
1011,2832454,"Cáp sạc, cáp truyền dữ liệu",60
1011,2832454,"Cáp sạc, cáp truyền dữ liệu",1200
1011,2832457,"Cáp sạc, cáp truyền dữ liệu",60
1011,2867209,"Cáp sạc, cáp truyền dữ liệu",180
1013,2831690,"Ví, bóp tiền nam",60
1015,2704450,Trà,60
1019,2133275,"Giầy, dép",60
1019,2741271,Bộ chăn ga gối đệm,120
1019,2741377,Bộ chăn ga gối đệm,60
1022,1106305,Áo thun không cổ,60
1022,2688724,Áo khoác chống nắng,60
1022,2788444,Áo khoác thể thao,120
1022,2870411,Áo khoác chống nắng,60
1022,2871658,Áo khoác chống nắng,60
1022,2886839,Áo thun không cổ,60
1022,2888707,Áo khoác chống nắng,60
1022,2935283,Áo khoác khác,60
1025,2937324,Đồng hồ kim,60
1027,2563225,"Case, bao da điện thoại di động",300
1028,2788929,Đầm maxi,60
1028,2864038,Đầm maxi,60
1028,2964575,Đầm maxi,60
1028,3059554,Đầm maxi,60
1028,3064323,Đầm maxi,60
1029,1901683,Áo polo có cổ,120
1029,2221818,Áo khoác thể thao,60
1033,1851584,Sơ mi tay dài,660
1034,2900120,Áo khoác chống nắng,60
1034,2900120,Áo khoác chống nắng,60
1035,3063694,Áo thun có tay,60
1036,1131325,Mắt kính,240
1036,2199199,Mắt kính,120
1036,2912477,Mắt kính,60
1040,2475384,Đồng hồ đôi,180
1040,2742317,Đồng hồ đôi,60
1040,2743600,Đồng hồ đôi,120
1040,2836927,Đồng hồ đôi,120
1044,2191933,Balo nam,540
1044,2278713,Đầm suông,60
1044,2278713,Đầm suông,420
1044,2278713,Đầm suông,60
1044,2991002,Đầm suông,60
1044,3070730,Đầm xòe,60
1044,3070918,Đầm xòe,60
1044,3075137,Đầm suông,120
1045,3053358,Áo sơ mi công sở,60
1045,3053358,Áo sơ mi công sở,660
1045,3068546,Áo sơ mi công sở,60
1049,2647999,Giày tăng chiều cao,60
1049,2647999,Giày tăng chiều cao,60
1051,2968512,Áo thun có tay,60
1051,3152284,Áo thun có tay,720
1056,3033940,Áo sơ mi công sở,60
1059,2849946,Đầm,240
1064,2853464,Đầm xếp ly,60
1064,2874036,Đầm xòe,60
1064,3167960,Áo và chân váy,120
1064,3167960,Áo và chân váy,120
1064,3167960,Áo và chân váy,60
1064,3168015,Đầm xòe,60
1064,3178965,Đầm suông,60
1064,3192272,Áo và chân váy,60
1065,2986706,Đầm bầu,60
1065,3219559,Đầm bầu,120
1066,2788766,Tranh chữ thập,60
1066,3025094,Tranh chữ thập,60
1067,2519607,Đầm dạ hội,1680
1068,1864210,Đầm maxi,120
1068,2075346,Đầm maxi,60
1068,2838854,Đầm maxi,120
1068,2924282,Đầm dạ hội,60
1068,2949315,Đầm maxi,60
1077,2917064,Quần kaki,60
1077,3087663,Quần kaki,60
1080,2793265,Đồng hồ kim,60
1080,2912837,Đồng hồ kim,240
1081,609879,Váy dài,60
1081,3007322,Đầm ôm,60
1081,3088184,Đầm ôm,120
1081,3240742,Đầm ôm,60
1081,3241321,Đầm ôm,120
1081,3245073,Đầm ôm,120
1083,782934,Dụng cụ làm đẹp,3180
1083,1429403,"Miếng dán tan mỡ, đai nịt bụng",180
1083,1429403,"Miếng dán tan mỡ, đai nịt bụng",600
1083,2752423,"Miếng dán tan mỡ, đai nịt bụng",60
1089,2114796,Áo và quần dài,120
1089,2277645,Áo và quần dài,60
1091,2821410,Áo sơ mi công sở,60
1091,3187015,Túi đeo chéo nữ,240
1091,3221415,"Túi bản to, đeo vai",240
1091,3226221,Túi đeo chéo nữ,180
1091,3227589,Túi xách tay nữ,360
1092,3062142,Móc treo,180
1095,1299027,Ổ khóa,60
1098,2314740,Đồng hồ thời trang,60
1098,2866836,Đồng hồ thời trang,60
1101,3008508,Áo thun có tay,60
1101,3032601,Áo sơ mi công sở,180
1101,3056447,Áo thun có tay,60
1101,3056447,Áo thun có tay,60
1102,2823454,Đồng hồ kim,60
1103,2667127,Kẹp tóc,60
1103,2760069,Kẹp tóc,60
1103,2771283,Kẹp tóc,60
1103,2981980,Kẹp tóc,60
1104,2458302,"Balo, túi xách, vali",360
1105,2642292,Đồng hồ kim,360
1105,2785258,Đồng hồ kim,60
1105,3074391,Đồng hồ kim,60
1110,1857901,Quần lót,60
1111,2924282,Đầm dạ hội,60
1113,1111501,Áo đôi,120
1113,2814631,Áo đôi,120
1114,3011688,Kem làm trắng,180
1114,3011786,Kem làm trắng,240
1114,3056437,Kem làm trắng,180
1115,3241321,Đầm ôm,60
1118,3227703,"Máy và khuôn, khay làm bánh",240
1118,3227703,"Máy và khuôn, khay làm bánh",360
1120,2975596,Áo đôi,300
1121,2829984,Áo kiểu,60
1121,2895869,Đầm suông,60
1121,2937176,Đầm suông,60
1121,2983448,Jumpsuit,60
1121,3092560,Đầm ôm,60
1122,2920829,Áo kiểu,60
1125,2688450,Tai nghe,120
1126,2090437,Đồ dùng sinh hoạt khác,360
1126,2494358,Đồ dùng sinh hoạt khác,780
1129,1847728,Sữa rửa mặt,300
1130,2445868,"Áo khoác dạ, măng tô, áo choàng",240
1132,2429165,Son thỏi,60
1132,2552937,Son thỏi,720
1134,2041466,"Đồng hồ vòng tay, lắc dây",180
1134,2649740,Phụ kiện khác,480
1134,2941016,Đồng hồ kim,360
1138,2792049,Đồng hồ đôi,60
1138,2792049,Đồng hồ đôi,120
1138,2792049,Đồng hồ đôi,120
1140,2856956,"Giày lười, giày mọi nam",60
1142,2113544,Áo và quần ngắn,240
1145,2178654,Quần lót,60
1145,2499084,Đồng hồ kim,60
1145,2605447,Đồng hồ kim,360
1145,2607456,Đồng hồ kim,300
1154,2867008,Áo khoác thể thao,60
1154,2871020,Áo khoác chống nắng,120
1155,1446605,Sản phẩm khác,360
1155,3012413,Sản phẩm khác,60
1155,3204923,"Quần áo, váy đi biển",180
1157,2566107,Giày sneaker nam,60
1157,2566136,Giày sneaker nam,60
1157,2620288,Giày sneaker nam,60
1157,2709707,Giày sneaker nam,60
1157,2773010,Giày sneaker nam,60
1157,2781386,Giày sneaker nam,120
1157,2802356,Giày sneaker nam,120
1157,2856449,Giày sneaker nam,60
1157,2867092,Giày sneaker nam,120
1157,2893151,Giày sneaker nam,60
1157,2904751,Giày sneaker nam,240
1157,2905197,Giày sneaker nam,60
1157,2905197,Giày sneaker nam,60
1157,2906723,Giày sneaker nam,60
1157,2910525,Giày sneaker nam,60
1158,3156329,Áo và quần lửng,180
1158,3156329,Áo và quần lửng,480
1158,3206494,Áo và quần dài,60
1159,2462143,Sơ mi tay dài,480
1159,2887332,Sơ mi tay dài,60
1161,3072513,Bikini,120
1161,3168513,Bikini,60
1162,1847597,Đầm bầu,60
1162,2954385,Đầm bầu,240
1162,3041908,Đầm bầu,60
1165,2074181,Son thỏi,60
1170,2663297,Tất,60
1170,2915356,Tất,60
1171,2667785,Đồ đi mưa,60
1171,2734867,Đồ đi mưa,60
1171,3084983,Áo thể thao nữ,120
1171,3122691,Phụ kiện nam khác,180
1171,3196804,Đồ đi mưa,60
1171,3205008,Đồ dùng sinh hoạt khác,180
1173,1104214,Đầm xòe,120
1173,2416276,Đầm xòe,60
1173,2825859,Đầm xòe,120
1174,3047229,Đồng hồ thông minh,60
1177,3047311,Áo và quần dài,120
1177,3047311,Áo và quần dài,240
1177,3238311,Jumpsuit,60
1177,3240218,Jumpsuit,180
1179,2664563,Trang sức,360
1190,2119416,Tóc giả nam,120
1190,2901791,Tóc giả nam,60
1190,2914070,Tóc giả nam,120
1190,2924290,Tóc giả nam,180
1191,2868818,Điện thoại di động,180
1191,3023236,"Case, bao da điện thoại di động",300
1192,2616684,Tai nghe,420
1192,2635900,Bàn phím,60
1192,2682212,Bàn phím,60
1192,2701992,Bàn phím,120
1193,1205337,Đầm suông,1080
1193,3039861,Đầm suông,60
1193,3083595,Áo và quần dài,60
1194,785190,Áo khoác chống nắng,900
1194,3005583,Đồ lót bộ,60
1196,1960255,Bikini,60
1197,2447435,"Ví, bóp tiền nữ",60
1197,2562260,"Ví cầm tay, clutch nữ",60
1197,2704135,Túi xách tay nữ,120
1197,2835182,"Ví cầm tay, clutch nữ",60
1197,2923770,"Ví, bóp tiền nữ",60
1201,2138744,Quần tây,120
1203,3066244,Giày thể thao nữ,60
1204,3042384,Quạt hơi nước,120
1204,3042384,Quạt hơi nước,60
1205,1396573,Váy xếp ly,480
1206,2340507,Sơ mi tay dài,540
1206,3030018,Sơ mi tay dài,120
1206,3040958,Sơ mi tay dài,60
1209,2185461,Quần lót,360
1209,3065230,Quần lót,180
1211,2801781,"Giày lười, giày mọi nam",120
1216,2067355,Túi xách tay nữ,60
1216,2651553,Túi xách tay nữ,180
1217,2431882,Giày sneaker nữ,60
1224,2795771,Đồng hồ thông minh,60
1225,2183553,Quần lót,60
1225,2251478,Quần lót,60
1225,2291815,Quần lót,60
1225,2291815,Quần lót,900
1225,2371771,Bikini,60
1225,2769571,Bikini,420
1225,2773355,"Pyjama, đồ ngủ",540
1226,3075870,Áo khoác chống nắng,480
1228,3072833,Balo nữ,300
1228,3217433,Balo nữ,60
1229,1995569,Máy massage và giảm béo,180
1229,2781132,Bộ dụng cụ đa năng,60
1229,2936533,Máy massage và giảm béo,240
1231,3164208,Hộp đựng cơm và túi giữ nhiệt,120
1231,3164208,Hộp đựng cơm và túi giữ nhiệt,180
1231,3164208,Hộp đựng cơm và túi giữ nhiệt,60
1231,3164408,Hộp đựng cơm và túi giữ nhiệt,60
1231,3169570,Hộp đựng cơm và túi giữ nhiệt,180
1231,3203313,Hộp đựng cơm và túi giữ nhiệt,60
1233,1107189,"Giày lười, giày mọi nam",60
1233,1331342,Đồng hồ lộ máy,60
1234,2388073,Giày cao gót,240
1234,2460803,Giày cao gót,120
1234,2510923,Giày cao gót,300
1234,2863358,Giày cao gót,60
1234,2960043,Giày cao gót,120
1234,3001780,Giày cao gót,60
1234,3062880,Giày cao gót,180
1238,1921306,Giày sandal nữ,60
1238,3009556,Giày sandal nữ,240
1239,3077977,Tẩy tế bào chết,180
1240,2921815,Gel tạo kiểu tóc,1740
1241,3186887,Váy bút chì,60
1248,2309103,Đầm xòe,360
1248,2452808,Đầm xòe,240
1248,2452808,Đầm xòe,120
1248,2748270,Đầm xòe,60
1250,841577,Quần shorts kaki,60
1250,841577,Quần shorts kaki,240
1250,2642356,"Dép quai ngang, chéo nam",960
1250,2879349,Quần shorts kaki,60
1250,2879349,Quần shorts kaki,60
1250,2879349,Quần shorts kaki,120
1252,2923090,Áo kiểu,60
1252,2983448,Jumpsuit,120
1252,3015850,Đầm suông,60
1252,3231690,Đầm suông,60
1252,3238352,Đầm suông,60
1254,1148061,Quần jeans ống côn skinny,60
1255,1947838,Áo và quần ngắn,120
1256,2826957,Một mảnh,60
1257,1013763,Váy xòe,60
1257,1242812,Váy xòe,120
1257,2406814,Váy xòe,60
1258,2169140,Đầm,300
1258,2169281,Đầm,60
1258,2704820,Đầm,60
1258,3047503,Đầm,60
1259,2777389,Áo và quần dài,120
1260,1231378,Quần ngắn,60
1260,2538665,"Áo khoác dạ, măng tô, áo choàng",60
1260,2713387,Áo khoác cách điệu,300
1260,2739995,Quần ngắn,60
1260,2772014,Áo khoác cách điệu,540
1260,2880506,Quần ngắn,180
1260,2880516,Quần ngắn,60
1261,3046374,Giày cao gót,60
1261,3046374,Giày cao gót,60
1261,3112116,Giày cao gót,120
1262,2178617,Quần lót,60
1263,2342421,Váy ngủ,120
1263,2342446,Váy ngủ,60
1263,2342446,Váy ngủ,60
1263,2342446,Váy ngủ,60
1267,2990480,Áo sơ mi công sở,60
1268,2045998,"Leo núi, cắm trại",60
1268,2495616,"Leo núi, cắm trại",60
1268,2616547,"Leo núi, cắm trại",60
1268,2616547,"Leo núi, cắm trại",60
1268,2951137,Bộ dụng cụ đa năng,60
1268,3026774,Đồ chơi đao kiếm,60
1268,3069909,"Leo núi, cắm trại",60
1270,2245705,Đầm ôm,60
1272,2600650,Quần jeans ống côn skinny,60
1276,1429231,Váy chữ A,540
1276,2632063,Đầm ôm,60
1280,2438848,Quạt đứng,60
1280,2674979,Quạt hơi nước,60
1280,2674979,Quạt hơi nước,60
1280,2741065,Quạt hơi nước,360
1280,2741065,Quạt hơi nước,60
1280,2741065,Quạt hơi nước,180
1280,2741065,Quạt hơi nước,180
1280,2741065,Quạt hơi nước,120
1280,2764172,Quạt hơi nước,300
1280,2764369,Quạt hơi nước,240
1280,2869505,Quạt hơi nước,60
1285,2827384,Áo kiểu,60
1285,2845665,Áo sơ mi công sở,120
1285,2845665,Áo sơ mi công sở,120
1285,2845665,Áo sơ mi công sở,240
1287,2200658,Bộ mỹ phẩm chăm sóc da,1020
1287,2421476,Áo sơ mi công sở,60
1287,2908150,Áo sơ mi công sở,960
1288,2826886,Quần thời trang,240
1291,3199705,Đồng hồ thời trang,60
1291,3205829,Đồng hồ thời trang,780
1297,2797967,Bột,60
1302,2955515,Áo sơ mi công sở,60
1302,2970997,Áo sơ mi công sở,180
1302,2990480,Áo sơ mi công sở,60
1302,3113116,Áo sơ mi công sở,60
1305,2550053,"Kính râm, kính mát",180
1305,2556232,Áo sơ mi công sở,60
1305,2862936,Áo sơ mi công sở,120
1305,3027074,Áo sơ mi công sở,60
1305,3057808,Áo sơ mi công sở,60
1305,3057808,Áo sơ mi công sở,120
1305,3092326,"Kính râm, kính mát",120
1305,3169020,Áo sơ mi công sở,60
1305,3169020,Áo sơ mi công sở,60
1305,3197551,"Kính râm, kính mát",120
1308,2807971,Sơ mi tay dài,480
1310,2371431,"Case, bao da điện thoại",240
1311,2347302,Sản phẩm khác,120
1311,2432319,Áo kiểu,60
1311,2948959,Áo khoác da,60
1311,2999472,Áo khoác jean,60
1311,3124187,Áo khoác chống nắng,60
1311,3229214,Áo khoác jean,60
1311,3239011,Áo khoác chống nắng,60
1312,596562,Giày cao gót,60
1323,3086221,Đầm maxi,60
1323,3086330,Áo kiểu,60
1323,3086495,Sản phẩm khác,60
1324,1914639,Quần lót,480
1324,2146003,Váy ngủ,120
1325,2283994,Áo đôi,1440
1325,2930744,Giày thể thao nam,2280
1327,1422262,Áo sơ mi công sở,60
1327,2816578,Đầm xòe,60
1327,2970997,Áo sơ mi công sở,60
1333,2105239,Quần lót,60
1333,2232047,Sơ mi tay dài,420
1333,2576465,Sơ mi tay dài,120
1333,2800913,Quần jeans ống côn skinny,660
1333,2812109,Sơ mi tay dài,120
1333,2859475,Máy nghe nhạc,60
1333,2893282,Sơ mi tay dài,180
1333,2904392,Sơ mi tay dài,240
1334,2901051,Giày thể thao nam,60
1334,2902133,Giày thể thao nam,60
1334,2936147,Giày thể thao nam,60
1337,2973322,Bikini,60
1337,2973322,Bikini,900
1337,3071214,Bikini,60
1343,1094523,Bánh ăn dặm,60
1343,2657697,Bánh ăn dặm,60
1346,3117602,Túi đeo chéo nữ,60
1347,3225238,Đầm maxi,180
1348,2874400,Áo và quần dài,120
1348,3049825,Áo và quần dài,180
1352,2932482,Quần kaki,2460
1353,2741065,Quạt hơi nước,120
1354,2283994,Áo đôi,180
1355,2844793,Áo kiểu,180
1355,2913198,Áo kiểu,60
1355,2913202,Áo kiểu,120
1355,2913202,Áo kiểu,60
1355,2913202,Áo kiểu,120
1355,2969051,Áo kiểu,60
1355,2969051,Áo kiểu,60
1355,3036036,Áo kiểu,60
1355,3078729,Áo dài,60
1356,1062243,Jumpsuit,120
1356,2191566,Áo và quần dài,60
1356,2277461,Jumpsuit,60
1356,2393429,Áo và quần dài,60
1356,2909104,Áo và quần dài,60
1356,2937031,Áo và quần dài,60
1357,2587207,Đồng hồ kim,120
1358,2110454,Đồng hồ bé gái,60
1359,2960070,Tóc giả nữ,60
1360,909678,"Kính râm, kính mát",360
1360,2934524,Quần kaki,60
1361,2440475,Đồng hồ kim,180
1361,2445022,Đồng hồ kim,60
1361,2445022,Đồng hồ kim,120
1361,2633452,Đồng hồ kim,60
1363,3154956,Bikini,360
1366,2957010,Loa,120
1366,3004958,Loa,60
1366,3005049,Loa,60
1366,3027377,Loa,120
1368,2924282,Đầm dạ hội,1680
1369,2359361,Một mảnh,60
1369,2961288,Một mảnh,60
1369,3019524,Một mảnh,60
1369,3042495,"Quần áo, váy đi biển",60
1369,3043076,Bikini,120
1369,3043076,Bikini,120
1369,3062920,Một mảnh,120
1370,2145585,"Cáp kết nối, cáp truyền dữ liệu",120
1371,3083477,Điện thoại di động,60
1372,2603198,Giày sneaker nam,1560
1378,2952732,"Case, bao da điện thoại",120
1378,2952732,"Case, bao da điện thoại",180
1378,2952732,"Case, bao da điện thoại",60
1379,2044079,Giày tây,120
1379,2523557,Giày tây,60
1381,919236,"Cáp kết nối, cáp truyền dữ liệu",60
1381,2765303,"Cáp kết nối, cáp truyền dữ liệu",120
1381,2886216,"Cáp kết nối, cáp truyền dữ liệu",120
1383,3113702,Đầm,360
1384,2132491,Đầm dạ hội,360
1393,2145945,Đầm xòe,60
1395,1858102,Quần lót,60
1396,2747345,Quần jeans ống suông,60
1396,2856512,Quần jeans ống côn skinny,60
1396,2862197,Áo thun dài tay,120
1396,2871331,Quần jeans ống suông,60
1396,2924274,Quần jeans ống côn skinny,60
1396,2926809,Áo thun dài tay,60
1399,2416262,Quần thời trang,60
1399,3090857,Quần thời trang,120
1400,2909624,Giày đế xuồng,60
1400,2987613,Giày đế xuồng,60
1400,3047918,Giày đế xuồng,60
1403,2805489,Quần yếm,240
1405,1116354,Nước hoa nam,60
1407,683505,Tai nghe,120
1407,1911700,Tai nghe,180
1407,2264564,Tai nghe,60
1407,2266836,Tai nghe,60
1407,2269334,Tai nghe,60
1407,2548701,Tai nghe,420
1407,2844086,Tai nghe,180
1407,2852455,Tai nghe,60
1407,2852455,Tai nghe,60
1408,2551208,Máy tạo kiểu tóc,240
1408,2577131,Máy tạo kiểu tóc,120
1408,2866907,Máy tạo kiểu tóc,60
1408,3050998,Máy tạo kiểu tóc,180
1409,2767974,Giày sneaker nam,60
1409,2870865,Giày sneaker nam,120
1409,2878961,Giày sneaker nam,60
1410,2200884,Tai nghe,60
1410,2940389,Tai nghe,60
1410,2986044,Tai nghe,180
1411,768258,Giày sandal nam,60
1411,970490,Giày sandal nam,60
1411,3019195,Giày sandal nam,60
1416,2191157,Túi bảo vệ,60
1416,2569539,"Case, bao da điện thoại di động",120
1416,2664749,Túi bảo vệ,120
1416,2799272,Túi bảo vệ,60
1417,2467124,Đồ chơi đao kiếm,120
1417,2824046,Vật phẩm,60
1418,2281605,Áo khoác chống nắng,120
1418,2740991,Áo khoác chống nắng,60
1418,2884349,Áo khoác chống nắng,120
1418,2884358,Áo khoác chống nắng,60
1419,2545854,Đèn pin,60
1420,2918015,Phụ kiện khác,60
1421,2835672,Loa,60
1421,2916449,Loa,60
1421,2916449,Loa,60
1422,2143082,Đồng hồ kim,120
1422,2736157,Đồng hồ kim,60
1422,2872395,Đồng hồ kim,120
1422,2996351,Xe đạp trẻ em,120
1422,2996351,Xe đạp trẻ em,240
1422,3016323,Đồng hồ kim,60
1422,3016323,Đồng hồ kim,60
1422,3016323,Đồng hồ kim,240
1423,2568708,Quần lót,60
1423,2645853,Quần lót,60
1423,2683708,Quần lót,60
1423,2824356,Quần lót,60
1428,2798845,Đồ lót bộ,120
1430,2974929,"Túi bao tử, túi đeo bụng",120
1431,1205337,Đầm suông,60
1436,2912377,Các trò khác,60
1436,2951253,Các trò khác,60
1436,3026774,Đồ chơi đao kiếm,60
1436,3058969,Các trò khác,60
1436,3069909,"Leo núi, cắm trại",120
1439,2986587,Đồng hồ thông minh,240
1439,2986587,Đồng hồ thông minh,600
1440,1969061,USB,180
1440,2337406,Phụ kiện khác,120
1440,2748324,Chuột,60
1440,2748324,Chuột,180
1441,2538665,"Áo khoác dạ, măng tô, áo choàng",60
1442,2660790,Chảo,60
1445,1402354,Áo kiểu,60
1445,2608140,Áo kiểu,60
1446,2068644,Đồng hồ thông minh,60
1446,2362898,Đồng hồ thông minh,60
1446,2852371,Đồng hồ thông minh,240
1446,3083652,Phụ kiện khác,120
1446,3094132,Đồng hồ thông minh,180
1448,2493346,Đèn để bàn,60
1449,2449601,"Ví, bóp tiền nữ",120
1450,2632452,Giày sneaker nam,180
1450,2739449,Giày thể thao nam,60
1450,2800366,Giày thể thao nam,180
1450,2893261,Giày thể thao nam,60
1454,2532426,"Bộ sạc pin, sạc đa năng",60
1454,2777724,Phụ kiện khác,300
1454,2777724,Phụ kiện khác,240
1454,2827187,"Bộ sạc pin, sạc đa năng",60
1454,2899995,"Bộ sạc pin, sạc đa năng",120
1454,2903055,"Bộ sạc pin, sạc đa năng",60
1454,2913627,"Bộ sạc pin, sạc đa năng",660
1455,3076599,Kem làm trắng,120
1455,3239750,Sữa tắm,120
1456,3110655,"Phao, áo phao",60
1457,2973284,Bikini,60
1457,3089671,Bikini,60
1457,3096241,Bikini,120
1457,3134396,Bikini,60
1457,3244697,Bikini,60
1462,2995795,Quạt hơi nước,1320
1464,1921108,Áo khoác thể thao,60
1464,2597070,Áo khoác có mũ,180
1464,2597070,Áo khoác có mũ,180
1464,2602359,Áo khoác có mũ,60
1464,2602359,Áo khoác có mũ,60
1464,2626822,Áo khoác thể thao,60
1464,2710144,Áo khoác thể thao,60
1464,2710144,Áo khoác thể thao,300
1464,2710144,Áo khoác thể thao,120
1464,2710238,Áo khoác thể thao,60
1464,2751899,Áo khoác thể thao,180
1464,2751899,Áo khoác thể thao,300
1464,2755400,Áo khoác có mũ,60
1464,2782369,Áo khoác thể thao,120
1464,2798139,Áo khoác có mũ,60
1464,2815764,Áo khoác thể thao,60
1464,2815764,Áo khoác thể thao,60
1464,2828012,Áo khoác có mũ,60
1464,2847025,Áo khoác thể thao,60
1464,2879137,Áo khoác có mũ,60
1464,2884059,Áo khoác có mũ,120
1464,2884059,Áo khoác có mũ,60
1464,2889503,Áo khoác có mũ,120
1464,2902234,Áo khoác có mũ,60
1464,2931758,Áo khoác có mũ,60
1465,2908782,"Máy hút ẩm, phun sương",60
1466,2802970,Son tint,120
1466,3048598,"Dép quai ngang, chéo nam",120
1468,1462797,Đầm dạ hội,60
1468,2921761,Đầm dạ hội,60
1468,3105081,Đầm dạ hội,60
1468,3106262,Đầm dạ hội,60
1468,3121122,Đầm dạ hội,180
1468,3216909,Đầm dạ hội,180
1472,1351362,"Thiết bị nhà bếp, chế biến khác",60
1474,2690683,Váy xòe,240
1476,1909576,Áo thun có tay,60
1476,2738626,Sơ mi tay dài,60
1476,3036891,Sơ mi tay dài,120
1476,3075271,Sơ mi tay dài,60
1476,3240368,Sơ mi tay dài,60
1477,2616547,"Leo núi, cắm trại",120
1477,2921111,"Leo núi, cắm trại",60
1479,2740056,Đầm dạ hội,60
1480,2569236,Đồng hồ thể thao,60
1480,2569236,Đồng hồ thể thao,180
1480,2859719,Đồng hồ thể thao,300
1480,3020213,Đồng hồ thể thao,120
1480,3086502,Đồng hồ thể thao,120
1481,1444367,Áo sơ mi công sở,240
1481,1895526,Áo và chân váy,120
1481,2573444,Áo sơ mi công sở,60
1481,2740843,Áo sơ mi công sở,360
1482,2892447,Mô hình nhân vật,180
1482,3147220,Mô hình nhân vật,60
1484,3085674,Loa,480
1485,2036801,Áo sơ mi công sở,60
1487,1304695,Đầm maxi,360
1487,1304695,Đầm maxi,60
1487,2142108,Váy xòe,60
1487,2477901,Váy dài,60
1487,2614149,Váy dài,60
1487,2659404,Váy dài,120
1487,2829461,Áo và chân váy,60
1487,2829461,Áo và chân váy,60
1487,3084848,Áo và chân váy,120
1487,3085608,Áo và chân váy,120
1487,3085871,Áo và chân váy,60
1487,3087183,Áo và chân váy,60
1487,3087759,Áo và chân váy,60
1487,3091801,Áo và chân váy,60
1487,3093234,Áo và chân váy,60
1489,2779956,Các loại đồ chơi vận động,60
1491,2761023,Áo kiểu,60
1492,2245249,Xịt khoáng,180
1493,2514152,Son tint,60
1500,2870447,Điện thoại di động,180
1500,3037457,Điện thoại di động,60
1502,2761886,Quần tây,120
1504,2067120,Áo đôi,240
1504,2067120,Áo đôi,120
1504,2583987,Giày sneaker nam,180
1504,2861403,Áo đôi,60
1504,2917675,Áo đôi,60
1504,2921484,Áo đôi,60
1508,2362764,"Ví, bóp tiền nam",120
1508,2897576,"Ví cầm tay, clutch nam",60
1509,2744541,TV box,60
1509,2744541,TV box,240
1509,2978911,TV box,60
1509,2978911,TV box,240
1509,2978911,TV box,60
1509,3058970,TV box,300
1512,3137880,Đầm bầu,60
1515,2406182,Phụ kiện khác,660
1516,2777459,Dây chuyền,60
1520,1326716,Áo đôi,540
1520,2985752,Đồng hồ kim,120
1520,2985752,Đồng hồ kim,120
1522,2007021,Jumpsuit,120
1524,1242989,Bikini,120
1524,3089650,Bikini,60
1528,3236358,Thắt lưng bản to,60
1528,3241112,Thắt lưng bản to,60
1528,3241112,Thắt lưng bản to,60
1531,2818250,Giày thể thao nam,120
1531,2877677,Giày thể thao nam,60
1531,2906665,Giày thể thao nam,60
1531,2924123,Giày thể thao nam,60
1531,2926534,Giày thể thao nam,120
1531,2930764,Giày thể thao nam,60
1531,2934904,Giày thể thao nam,300
1533,2495725,Váy xòe,4920
1540,2784904,Áo khoác chống nắng,180
1540,2819144,"Máy bay, trực thăng",120
1540,2888707,Áo khoác chống nắng,60
1542,2293599,Bộ chăn ga gối đệm,60
1542,2616700,Bộ chăn ga gối đệm,120
1542,2852144,Đầm maxi,480
1542,3000890,Bộ chăn ga gối đệm,60
1542,3001364,Bộ chăn ga gối đệm,60
1544,2899987,Giày thể thao nam,60
1544,2930788,Giày thể thao nam,120
1546,2805612,"Đồng hồ vòng tay, lắc dây",60
1547,1102687,Bộ chăn ga gối đệm,120
1547,3026064,Bộ chăn ga gối đệm,60
1549,2052748,Đầm maxi,60
1549,2860963,Đầm maxi,60
1553,2579930,Áo khoác da,240
1559,2468228,Áo sơ mi công sở,120
1560,1889576,Đầm xòe,120
1560,2031149,Đầm xòe,60
1560,2032991,Đầm xòe,60
1560,2422557,Đầm xòe,240
1560,2958513,Đầm xòe,60
1561,3228125,Quạt hơi nước,60
1562,2580071,Vòng tay,300
1564,2860906,Giày sandal nam,120
1565,2994821,Đầm xòe,480
1570,2506070,Xe đạp địa hình,120
1570,2813327,Xe đạp đường trường,60
1572,2407124,Đầm đôi,60
1572,2423921,"Vớ, tất",60
1572,2927253,Váy ngủ,60
1574,2492835,Sản phẩm khác,180
1574,2957150,Phụ kiện nam khác,120
1575,2189819,Quần thời trang,120
1577,1932932,Đồng hồ kim,60
1577,2201776,Đồng hồ kim,60
1577,2717080,Đồng hồ kim,60
1577,3229474,Đồng hồ thời trang,60
1580,3022783,Đầm,60
1581,2168982,kem trị mụn,60
1581,2355041,Áo khoác có mũ,240
1581,2647881,Trang sức,120
1583,2031157,Đồng hồ kim,120
1583,2191080,Đồng hồ kim,60
1583,2266592,Đồng hồ kim,60
1583,2641399,Đồng hồ kim,60
1583,2641399,Đồng hồ kim,300
1583,3168241,Đồng hồ lộ máy,60
1583,3168241,Đồng hồ lộ máy,240
1585,2996972,"Leo núi, cắm trại",120
1585,3013828,"Leo núi, cắm trại",180
1588,3144303,Dụng cụ chế biến rau củ,180
1589,2587889,Áo kiểu,60
1590,715758,Áo sơ mi công sở,180
1591,1050464,Túi đeo chéo nam,300
1591,1950009,Balo nam,60
1591,2086353,Túi đeo chéo nam,600
1591,2225969,Túi đeo chéo nam,300
1591,2790864,"Pyjama, đồ ngủ",3660
1591,2846000,Túi đeo chéo nam,60
1592,1983209,Bật lửa,60
1593,3052877,Giày sandal nữ,180
1595,1224114,Đồng hồ quả quýt,60
1595,1224127,Đồng hồ quả quýt,120
1596,1913027,Đầm bầu,60
1598,2883562,"Giày lười, giày mọi nam",60
1599,2582214,Bikini,3960
1603,1242989,Bikini,120
1603,2816191,"Quần áo, váy đi biển",60
1603,2892972,Bikini,60
1603,2892972,Bikini,180
1603,2973284,Bikini,120
1603,3042495,"Quần áo, váy đi biển",60
1603,3193026,Bikini,60
1603,3224069,Bikini,60
1605,2235208,Bikini,60
1605,2235211,Một mảnh,360
1607,2690487,Giày sneaker nam,960
1607,2704173,Giày sneaker nam,60
1607,2869139,Giày sneaker nam,120
1609,1146005,Áo đôi,60
1610,2622373,"Giày lười, giày mọi nam",60
1611,3054138,Bikini,120
1611,3089621,Bikini,120
1612,2958755,Túi đeo chéo nữ,60
1612,3177845,Túi đeo chéo nữ,480
1614,3023236,"Case, bao da điện thoại di động",480
1615,3137619,Đầm ôm,180
1615,3148060,Đầm ôm,60
1615,3148060,Đầm ôm,60
1615,3148060,Đầm ôm,60
1615,3148060,Đầm ôm,300
1617,2107138,Áo kiểu,60
1617,2179342,Áo và quần dài,60
1617,3066997,Áo kiểu,60
1617,3184428,Áo kiểu,60
1618,2710063,Quần tây,60
1621,3126605,Áo kiểu,120
1624,2262470,Vali mềm,60
1630,3220669,Áo sơ mi công sở,180
1631,1346639,Váy bút chì,60
1632,2847006,Áo kiểu,120
1632,2969416,Áo kiểu,60
1632,3058140,Áo dài,60
1632,3058291,Áo dài,60
1632,3062238,Áo dài,60
1632,3078701,Áo dài,60
1633,2785180,"Pyjama, đồ ngủ",60
1638,2147830,"Kem lột, trị mụn",60
1639,2904155,Nón vành,60
1642,2868926,Dụng cụ làm bánh khác,120
1649,2842784,Quần lót,120
1649,2863420,Quần lót,180
1649,2879242,Quần lót,180
1652,2998240,Áo và quần dài,1020
1665,3064958,Quần lót,60
1667,1341867,Áo kiểu,60
1667,1342545,Áo kiểu,120
1667,2845665,Áo sơ mi công sở,60
1667,2874846,Áo kiểu,60
1667,2925822,Áo kiểu,60
1667,2958166,Váy bút chì,60
1667,2986110,Sản phẩm khác,60
1667,3005126,Đầm suông,120
1667,3043053,Áo kiểu,60
1667,3061669,Áo kiểu,180
1667,3064917,Sản phẩm khác,120
1667,3125384,Váy xòe,60
1667,3155444,Váy bút chì,600
1669,2667995,"Ví, bóp tiền nữ",60
1672,2828012,Áo khoác có mũ,360
1675,2974929,"Túi bao tử, túi đeo bụng",120
1675,2974929,"Túi bao tử, túi đeo bụng",240
1678,2878930,Giày sandal nữ,60
1678,2878930,Giày sandal nữ,120
1678,3017483,Giày sandal nữ,300
1678,3077355,Giày sandal nữ,120
1679,1086186,Phụ kiện nữ khác,240
1680,2699057,"Dụng cụ, máy tập bụng",120
1680,3021169,Dụng cụ tập lắc eo,120
1680,3164605,"Dụng cụ, máy tập bụng",60
1680,3164605,"Dụng cụ, máy tập bụng",180
1683,3110848,Balo nữ,60
1683,3143543,Balo nữ,420
1683,3244645,Balo nữ,420
1684,2292606,Túi xách tay nữ,60
1687,1979022,Đồ lót bộ,60
1687,2146364,Đồ lót bộ,60
1688,2407797,Quần lót,180
1689,2815738,Bộ ,240
1691,2662990,Balo nữ,120
1693,2280177,Pin sạc dự phòng,180
1693,2796370,Pin sạc dự phòng,180
1693,2912772,Pin sạc dự phòng,60
1693,3010437,Pin sạc dự phòng,60
1695,2234641,Áo kiểu,180
1695,2550354,Áo sơ mi công sở,60
1695,3109246,Áo kiểu,60
1695,3197091,Áo thun có tay,120
1696,1998672,Kẻ mắt,60
1697,1999898,Quần lót,420
1698,3156563,"Đồ bộ mặc nhà, đồ ngủ bộ",60
1698,3203081,"Đồ bộ mặc nhà, đồ ngủ bộ",60
1698,3237174,"Đồ bộ mặc nhà, đồ ngủ bộ",120
1701,3032601,Áo sơ mi công sở,180
1701,3190412,Áo kiểu,60
1704,3116653,Áo gia đình,60
1706,1062306,Đầm xòe,60
1706,1062306,Đầm xòe,120
1706,1118978,Đầm xòe,60
1706,2000484,Đầm xòe,60
1706,2145945,Đầm xòe,240
1706,2640447,Áo sơ mi công sở,180
1706,2816578,Đầm xòe,60
1706,2824724,Đầm xòe,60
1706,2860963,Đầm maxi,60
1706,3097865,Đầm xòe,60
1706,3097865,Đầm xòe,60
1711,2616547,"Leo núi, cắm trại",300
1712,2816920,Áo khoác thể thao,120
1712,2844546,Áo khoác chống nắng,120
1714,1202639,"Ví, bóp tiền nữ",60
1714,1202639,"Ví, bóp tiền nữ",120
1714,1393133,"Ví, bóp tiền nữ",120
1714,2450833,"Ví, bóp tiền nữ",120
1714,2460803,Giày cao gót,60
1714,2527805,"Ví, bóp tiền nữ",60
1714,2585664,"Ví, bóp tiền nữ",180
1714,2590301,"Ví, bóp tiền nữ",120
1714,2624809,"Ví cầm tay, clutch nữ",60
1714,2875992,"Ví cầm tay, clutch nữ",60
1714,2898283,"Ví cầm tay, clutch nữ",60
1716,3023271,"Case, bao da điện thoại di động",60
1716,3059690,Quần lót,60
1718,3091491,Áo thun có tay,60
1724,1470725,Thắt lưng,60
1724,2082656,Giày sneaker nam,960
1725,2702441,Giày sneaker nữ,420
1725,2819668,"Giày mọi, slip on nữ",240
1725,2907133,Giày sneaker nữ,60
1725,3086842,Túi xách tay nữ,120
1729,2887846,Váy yếm,60
1730,2846117,Trang sức,120
1730,2963801,Trang sức,60
1730,2975196,Trang sức,60
1730,3012118,Trang sức,60
1731,2884391,Board games,60
1735,2247388,"Máy và khuôn, khay làm bánh",60
1735,2286727,Nguyên liệu làm bánh,120
1735,2468788,Nguyên liệu làm bánh,60
1735,2912229,Trà,60
1735,2941158,Khác,60
1735,2971628,Mặt nạ dưỡng da,120
1735,3089035,Chăm sóc sắc đẹp,60
1735,3132836,"Kẹo chocolate, caramen, cafe",60
1735,3145305,Sản phẩm khác,60
1735,3162294,Máy đánh trứng,60
1740,2838002,"Kem lột, trị mụn",60
1742,2629559,Áo khoác cách điệu,60
1742,2773301,Áo khoác cách điệu,60
1742,2929435,Đầm suông,180
1745,1857608,Túi du lịch tiện ích,120
1745,1857608,Túi du lịch tiện ích,300
1745,2848979,Túi du lịch tiện ích,60
1746,2207677,"Máy và khuôn, khay làm bánh",60
1747,97404,Đồ lót bộ,60
1747,1266812,Đồ lót bộ,180
1747,2510328,Quần lót,60
1747,2510328,Quần lót,120
1747,2635304,Quần lót,120
1749,1880334,Áo khoác cách điệu,720
1750,3116289,Bộ ,60
1750,3116289,Bộ ,480
1754,3156513,Áo và quần dài,60
1755,2100978,Giày sneaker nam,240
1755,2334622,Giày sneaker nam,3600
1755,2334622,Giày sneaker nam,60
1755,2334636,Giày sneaker nam,120
1755,2681980,Giày sneaker nam,60
1757,2888031,"Giá đỡ, đế kẹp",60
1758,2849061,Đầm ôm,660
1758,2880130,Đầm xòe,240
1759,2292864,"Chăm sóc sức khỏe, vitamin",60
1761,2893941,Pin sạc dự phòng,60
1762,2387984,Sơ mi tay dài,60
1762,2387984,Sơ mi tay dài,60
1762,2896509,Sơ mi tay dài,60
1762,2921335,Sơ mi tay dài,60
1763,2781040,Bộ ,120
1764,3072541,Quạt hơi nước,180
1764,3072673,Quạt hơi nước,960
1764,3072756,Quạt hơi nước,180
1770,2029033,Áo thun ngắn tay không cổ,120
1770,3000392,Áo thun ngắn tay không cổ,60
1773,2178705,Quần lót,60
1776,3105862,Sơ mi tay dài,60
1776,3105862,Sơ mi tay dài,240
1779,635254,Giày sneaker nam,60
1779,2113843,Giày sneaker nam,360
1779,2719252,Giày sneaker nam,60
1783,1460645,Đồng hồ kim,300
1785,3012873,Đầm xếp ly,180
1787,3043261,Son thỏi,60
1791,2988838,Đầm,60
1791,3122774,Đầm,60
1795,1994842,Đầm xòe,60
1795,2006581,Đầm xòe,60
1797,1284342,Bikini,60
1797,1348822,Một mảnh,180
1797,1398441,Bikini,60
1797,2827027,Bikini,60
1797,3045082,Bikini,300
1798,1167679,Giày cao gót,120
1798,2547028,Giày cao gót,120
1798,2648168,Giày cao gót,60
1798,2648168,Giày cao gót,60
1798,2648218,Giày cao gót,60
1798,2754398,Giày cao gót,60
1798,2919194,Giày cao gót,180
1799,2565948,Thắt lưng bản nhỏ,120
1800,1209404,Giảm cân,180
1800,3063710,"Vớ, tất",120
1800,3064061,Giày búp bê,60
1800,3064662,Giày búp bê,60
1801,917220,"Tủ vải, hộp, thùng đựng đồ",60
1802,2847190,Túi đeo chéo nữ,300
1802,2847190,Túi đeo chéo nữ,240
1802,2847326,Túi đeo chéo nữ,2280
1803,2356292,Bikini,60
1803,2356292,Bikini,60
1803,2358456,Bikini,120
1805,2974790,Bàn phím,60
1807,840941,Sơ mi tay dài,60
1809,2758963,Giày cao gót,120
1811,2647987,Đèn pin,720
1814,2178705,Quần lót,60
1815,3020837,Kem dưỡng da,60
1817,1931413,Áo và quần dài,60
1817,2628308,Áo và quần lửng,60
1818,2988082,Mắt kính thông minh,900
1823,3153437,"Balo, túi xách du lịch",300
1823,3176362,"Balo, túi xách du lịch",60
1823,3176362,"Balo, túi xách du lịch",240
1823,3176362,"Balo, túi xách du lịch",300
1825,1030427,Bikini,120
1825,2810178,Bikini,120
1825,2810178,Bikini,300
1826,2665336,"Giá đỡ, đế kẹp",60
1827,2004635,Quần legging,240
1827,2938460,Quần legging,840
1828,2473234,Thiết bị lưu trữ,60
1829,2199642,Nón,60
1831,1961864,Đồng hồ điện tử,180
1831,1961864,Đồng hồ điện tử,240
1831,2792737,Đồng hồ lộ máy,180
1831,2866218,Đồng hồ điện tử,120
1832,1393582,Quần jeans ống côn skinny,240
1832,1410476,Quần jeans ống côn skinny,300
1835,1941642,Giày tăng chiều cao,60
1835,1972835,Giày tăng chiều cao,180
1835,2257359,Giày tăng chiều cao,120
1835,2323645,Giày tăng chiều cao,60
1836,2683269,Đồng hồ kim,60
1836,2683269,Đồng hồ kim,180
1836,2683269,Đồng hồ kim,60
1844,1882650,Giày sneaker nữ,180
1844,2820609,Giày sneaker nữ,60
1844,3077904,Giày sneaker nữ,60
1848,2955418,Áo sơ mi công sở,60
1848,3084261,Áo và quần lửng,60
1849,2300075,Đầm xếp ly,60
1852,2812897,Balo nữ,60
1852,3090096,Balo nữ,60
1855,2873443,"Giày lười, giày mọi nam",60
1855,2905009,"Giày lười, giày mọi nam",60
1858,3141474,Khăn tắm,60
1861,2949381,Đầm xòe,900
1863,2741368,Bộ chăn ga gối đệm,120
1863,2741377,Bộ chăn ga gối đệm,60
1863,2958495,Bộ chăn ga gối đệm,60
1863,2966577,Bộ chăn ga gối đệm,60
1863,3059517,Bộ chăn ga gối đệm,60
1863,3151049,Bộ chăn ga gối đệm,60
1866,2574716,Bật lửa,60
1866,2820314,Bật lửa,180
1866,2878026,Bật lửa,3360
1869,1131633,Giày sneaker nam,60
1869,2049133,Giày sneaker nam,60
1869,2157866,Giày sneaker nam,60
1869,2344633,Giày sneaker nam,120
1869,2465553,Giày sneaker nam,60
1869,2479398,Giày sneaker nam,60
1869,2479412,Giày sneaker nam,60
1869,2492251,Giày sneaker nam,60
1869,2533975,Giày sneaker nam,60
1869,2568289,Giày sneaker nam,120
1869,2632252,Giày sneaker nam,60
1869,2643213,Giày sneaker nam,120
1869,2706579,Giày sneaker nam,60
1869,2767870,Giày sneaker nam,60
1869,2869151,Giày sneaker nam,60
1869,2871727,Giày sneaker nam,60
1869,2892131,Giày sneaker nam,60
1869,2900287,Giày sneaker nam,60
1869,2900287,Giày sneaker nam,180
1869,2905152,Giày sneaker nam,60
1869,2918913,Giày sneaker nam,120
1869,2919659,Giày sneaker nam,60
1869,2926557,Giày sneaker nam,120
1870,3005289,Đầm,60
1870,3078398,Đầm,60
1871,3008806,"Cáp sạc, cáp dữ liệu",60
1871,3165705,Bộ quần áo thể thao,840
1872,2820892,Áo kiểu,60
1872,2829984,Áo kiểu,60
1872,2870820,Áo kiểu,60
1872,2872104,Áo kiểu,60
1872,2893186,Áo kiểu,120
1872,2905145,Áo kiểu,60
1873,1856111,Vòng tay,60
1873,2291937,Vòng tay,300
1873,2625897,"Ví, bóp tiền nữ",300
1873,2819909,Vòng tay,60
1873,3059391,Dây chuyền,420
1873,3064318,Vòng tay,120
1873,3093788,Vòng tay,60
1875,1033936,"Dụng cụ, máy tập bụng",240
1875,2385008,"Dụng cụ, máy tập bụng",60
1875,2826176,Máy massage và giảm béo,60
1877,2298073,Đồng hồ thông minh,360
1877,2396688,Đồng hồ thông minh,480
1877,2542337,Đồng hồ thông minh,360
1878,2295659,Quần thời trang,180
1881,2237524,Quần shorts kaki,120
1881,2829731,Quần lót,60
1881,3240948,Quần lót,60
1882,2836998,Khác,180
1887,3039539,Quạt hơi nước,60
1887,3039718,Quạt hơi nước,60
1887,3042593,Quạt hơi nước,60
1888,3075466,Dây chuyền,60
1889,2636920,Quần jeans ống côn skinny,60
1889,2844596,Quần jeans ống côn skinny,60
1889,2881970,Áo polo có cổ,300
1889,2924060,Quần jeans ống côn skinny,60
1890,3077354,Đầm ôm,60
1890,3077354,Đầm ôm,300
1893,2182628,Quần lót,120
1895,2824565,Áo sơ mi công sở,120
1896,2758601,Bao cao su,60
1896,2758620,Bao cao su,60
1896,2895587,Bao cao su,120
1896,2898217,Bao cao su,120
1897,2179342,Áo và quần dài,60
1900,3109414,"Case, bao da điện thoại",120
1900,3117007,"Case, bao da điện thoại",480
1900,3130697,"Case, bao da điện thoại",120
1901,2616547,"Leo núi, cắm trại",60
1902,1205337,Đầm suông,60
1902,2776472,Đầm suông,60
1902,2904626,Đầm suông,60
1902,2956737,Đầm suông,120
1902,3082676,Bộ quần áo thể thao,120
1902,3169255,Áo sơ mi công sở,180
1902,3228344,Đầm suông,60
1905,2036838,"Dầu gội, sữa tắm khô",1320
1905,2823034,Áo khoác chống nắng,60
1906,3074053,Đồ dùng sinh hoạt khác,60
1907,2526592,Giày cao gót,60
1907,2546391,Giày cao gót,120
1908,2825859,Đầm xòe,240
1908,2859972,Đầm xòe,300
1908,3115315,Đầm xòe,60
1909,3162834,Đầm xòe,960
1909,3224056,Đầm maxi,120
1911,2852462,Áo sơ mi công sở,120
1911,2998537,Áo kiểu,780
1912,2823276,Tai nghe,60
1914,2871463,Điện thoại di động,120
1915,2845665,Áo sơ mi công sở,1020
1918,2117637,Pin sạc dự phòng,1380
1922,3190284,"Dép cao gót, guốc",60
1922,3204358,"Dép cao gót, guốc",60
1924,2796826,Pin sạc dự phòng,240
1925,3244576,Đầm bầu,60
1927,2601376,Quần lót,180
1927,2718453,Quần bơi,180
1927,3015630,Quần lót,300
1928,2724204,Đầm,60
1928,2826957,Một mảnh,60
1928,3015601,Đầm maxi,60
1931,2506727,Giày bốt nam,60
1931,2722393,Giày bốt nam,120
1931,2723351,Quần jeans ống côn skinny,60
1931,2806721,Giày bốt nam,60
1931,2856192,Quần jeans ống côn skinny,1920
1932,2822131,Bộ quần áo thể thao,240
1933,2893745,Áo sơ mi công sở,60
1934,2687909,Áo blazer,60
1934,2906587,Áo khoác thể thao,120
1934,2906587,Áo khoác thể thao,60
1934,2906605,Áo khoác thể thao,180
1934,2993429,Áo khoác đôi,180
1937,3109152,Đầm xòe,240
1937,3173391,Đầm xòe,60
1937,3173391,Đầm xòe,60
1939,3002011,"Quần áo, váy đi biển",180
1940,2828039,Áo và quần dài,60
1940,2922026,Jumpsuit,60
1940,3166527,Jumpsuit,120
1940,3237769,Jumpsuit,60
1941,3099360,Loa,60
1942,2704941,Áo polo có cổ,60
1942,3168925,Áo thun ngắn tay không cổ,60
1944,1088067,Quần tây,60
1950,2962201,Giày thể thao nam,60
1951,2716713,Áo thun có tay,60
1951,2783337,Áo thun dài tay,60
1951,2872374,Áo polo có cổ,60
1951,2894109,Áo thun ngắn tay không cổ,60
1951,2913742,Áo thun dài tay,60
1951,2915496,Áo thun ngắn tay không cổ,60
1951,2932306,Áo thun dài tay,60
1951,3048448,Áo thun ngắn tay không cổ,60
1951,3145011,Áo thun dài tay,60
1951,3169451,Áo thun ngắn tay không cổ,60
1951,3171968,Áo thun dài tay,60
1951,3237453,Áo thun ngắn tay không cổ,60
1951,3241919,Áo thun ngắn tay không cổ,60
1952,2571799,Quần kiểu khác,60
1952,2916664,Quần jogger,60
1953,2644384,Giày cao gót,120
1953,2763584,Giày cao gót,60
1953,2892846,Giày cao gót,60
1953,2893248,Giày cao gót,60
1953,3026383,Giày cao gót,60
1953,3046502,Giày cao gót,60
1955,2302773,Thắt lưng bản to,60
1956,2953279,Áo sơ mi công sở,240
1956,2953279,Áo sơ mi công sở,60
1956,2965645,Áo sơ mi công sở,360
1956,3034333,Áo sơ mi công sở,540
1958,2826273,Điện thoại di động,60
1958,2870301,Điện thoại di động,300
1958,3087773,Điện thoại di động,120
1960,2100978,Giày sneaker nam,60
1960,2308102,Giày sneaker nam,60
1960,2840136,Giày sneaker nam,360
1964,2978713,Áo sơ mi công sở,60
1966,2070344,Váy yếm,360
1966,2426383,Váy yếm,240
1966,2716186,Váy yếm,120
1966,2965538,Váy yếm,180
1969,3002810,Áo sơ mi công sở,240
1971,3123000,Kem làm trắng,120
1971,3148223,Kem làm trắng,60
1973,2156649,Váy ngủ,180
1973,2496329,Nước hoa nữ,60
1973,2502059,Kính nữ,120
1973,2875886,Váy ngủ,300
1979,2798024,Tai nghe,60
1979,2815961,Tai nghe,120
1979,2815961,Tai nghe,60
1979,2823276,Tai nghe,60
1979,2847387,Tai nghe,60
1979,2918200,Tai nghe,60
1981,2514152,Son tint,1260
1981,2564480,Áo kiểu,780
1982,2819631,Giày thể thao nam,60
1982,2843617,Giày sneaker nam,240
1982,2844908,Giày sneaker nam,60
1982,2892637,Giày thể thao nam,300
1985,2855775,Bikini,60
1985,2929542,"Quần áo, váy đi biển",60
1985,3089662,Một mảnh,120
1988,2738659,Quần jeans ống côn skinny,360
1988,2872131,Quần jogger,240
1990,2338901,Túi xách tay nữ,60
1990,2471625,Túi xách tay nữ,120
1990,2805652,Túi xách tay nữ,60
1990,3042991,Túi xách tay nữ,60
1990,3073861,Túi xách tay nữ,120
1990,3073861,Túi xách tay nữ,60
1993,1882998,Áo và quần culottes,1920
1994,3071794,Áo dài,120
1994,3081292,Áo dài,60
1995,2354078,"Máy, khuôn và dụng cụ làm kem",120
1995,3014652,Dụng cụ nhà bếp khác,60
1995,3084144,Dụng cụ làm bánh khác,120
1996,2825013,Áo kiểu,60
1996,2844793,Áo kiểu,240
1999,3050126,Bộ mỹ phẩm chăm sóc da,60
2001,3142045,Quần shorts,60
2001,3205123,Quần lót,60
2003,2251478,Quần lót,240
2003,2386475,Sản phẩm khác,60
2003,2463252,Quần lót,120
2003,2611589,Váy ngủ,120
2005,2918061,Nón,60
2005,2918061,Nón,360
2005,2918061,Nón,180
2005,2918061,Nón,60
2005,3030467,"Nón kết, nón lưỡi trai",60
2005,3043996,Nón,60
2005,3043996,Nón,60
2005,3044046,Nón,120
2009,2405030,Áo và chân váy,120
2009,2541620,Áo và chân váy,60
2013,2877882,"Đồ bộ mặc nhà, đồ ngủ bộ",240
2014,930805,Thuốc nhuộm tóc,360
2014,3222377,Thuốc nhuộm tóc,60
2016,2798303,"Quần áo, váy đi biển",60
2016,3050160,Bikini,60
2016,3050202,Bikini,60
2018,2529376,Đầm ôm,60
2018,2529376,Đầm ôm,240
2018,2996932,Đầm xòe,120
2019,2868236,Phụ kiện khác,120
2019,3010105,SIM điện thoại,60
2019,3156068,Phụ kiện khác,60
2019,3156068,Phụ kiện khác,180
2022,2172864,Tóc giả nữ,60
2022,2172864,Tóc giả nữ,60
2022,2172864,Tóc giả nữ,180
2022,2557463,Tóc giả nữ,60
2022,2968543,Tóc giả nữ,60
2022,3050957,Tóc giả nữ,120
2022,3050957,Tóc giả nữ,60
2024,3095267,Kem chống nắng,60
2027,2402538,Giày sneaker nam,60
2027,2522866,Giày sneaker nam,180
2027,2796725,Giày sneaker nam,300
2032,2888045,Thiết bị sử dụng trong nhà khác,60
2034,3159661,Váy xòe,300
2034,3159661,Váy xòe,60
2035,2813809,Dụng cụ làm đẹp,60
2037,2717380,Dây chuyền,60
2038,2607466,"Chân nến, lò đốt tinh dầu",60
2038,3097056,"Chân nến, lò đốt tinh dầu",60
2038,3097079,"Chân nến, lò đốt tinh dầu",60
2038,3169345,"Chân nến, lò đốt tinh dầu",120
2038,3169345,"Chân nến, lò đốt tinh dầu",120
2040,1343816,Áo kiểu,60
2040,2827384,Áo kiểu,60
2040,3088320,Áo kiểu,180
2040,3088320,Áo kiểu,120
2041,2351612,Tai nghe,300
2046,2712760,Gậy selfie,60
2047,2179513,Áo kiểu,60
2047,2489759,Áo sơ mi công sở,120
2047,2489759,Áo sơ mi công sở,180
2047,2814064,Váy dài,60
2047,3049705,Áo và chân váy,180
2047,3081058,Áo và chân váy,60
2048,3059690,Quần lót,360
2049,2490844,Son thỏi,180
2049,2821186,Son thỏi,180
2049,2835115,Son thỏi,180
2049,2928890,Son thỏi,60
2050,2007918,Thiết bị không dây,60
2051,2993059,Áo kiểu,60
2052,2460008,Túi đeo chéo nữ,60
2052,2473620,Túi đeo chéo nữ,60
2054,3023989,"Case, bao da điện thoại",60
2055,1176262,Đồng hồ thời trang,180
2055,1176262,Đồng hồ thời trang,120
2055,2531614,Đồng hồ thời trang,60
2055,2606261,Đồng hồ thời trang,60
2055,2752587,Đồng hồ thời trang,240
2057,655194,Sữa tắm,180
2057,655194,Sữa tắm,120
2057,2535335,Kem làm trắng,60
2057,2580187,Kem dưỡng da,60
2057,2636136,Tẩy trang,60
2057,2750831,Áo và chân váy,600
2057,2751782,Kem làm trắng,60
2057,2832730,Phấn phủ,60
2057,2882567,Mặt nạ dưỡng da,60
2059,2324426,Quần kaki,420
2059,2538630,Quần kaki,240
2059,2845338,Quần kaki,60
2060,2641907,"Giá, kệ để gọn đồ",60
2063,1349956,Balo nữ,60
2063,2363545,Giày sneaker nữ,180
2063,2661869,Balo nữ,60
2063,2661869,Balo nữ,60
2063,2694336,Balo nữ,420
2063,2788351,Balo nữ,60
2063,2788968,Balo nữ,120
2063,2915833,Balo nữ,180
2063,2918242,Balo nữ,240
2064,2132539,Gậy selfie,120
2064,2358603,Gậy selfie,120
2064,2976618,Gậy selfie,60
2064,3068600,Giày sneaker nữ,60
2065,1132057,Dụng cụ nhà bếp khác,300
2070,3003995,Túi xách tay nữ,60
2070,3019747,"Giày mọi, slip on nữ",300
2080,2595096,Áo ngực,60
2081,2820971,Mắt kính thông minh,120
2081,2840078,Phụ kiện khác,120
2081,2842729,Mắt kính thông minh,2340
2081,2857835,Phụ kiện khác,60
2081,2892959,Mắt kính thông minh,120
2081,2894198,Mắt kính thông minh,120
2081,2905987,Phụ kiện khác,660
2081,2911142,Phụ kiện khác,60
2081,2911142,Phụ kiện khác,180
2081,2911142,Phụ kiện khác,840
2081,2911142,Phụ kiện khác,120
2081,2911142,Phụ kiện khác,60
2081,2916192,Mắt kính thông minh,240
2081,2925889,Mắt kính thông minh,480
2081,2934971,Mắt kính thông minh,120
2081,2936475,Phụ kiện khác,180
2082,3148469,"Camera hành trình, du lịch",120
2082,3148469,"Camera hành trình, du lịch",360
2083,715758,Áo sơ mi công sở,60
2083,715758,Áo sơ mi công sở,900
2083,2614820,Áo và quần dài,120
2083,2898297,Đầm ôm,240
2083,2898316,Áo và quần dài,180
2083,2937031,Áo và quần dài,300
2084,3182447,Áo khoác có mũ,60
2092,2899448,Loa,60
2092,2899984,Loa,60
2092,2899984,Loa,60
2093,2393551,Thảm lót chân,60
2093,2815253,"Máy và khuôn, khay làm bánh",120
2096,2189498,Áo và quần culottes,180
2096,3095006,Áo và quần culottes,120
2099,2251380,Pin sạc dự phòng,540
2099,2748695,Pin sạc dự phòng,60
2099,2748695,Pin sạc dự phòng,1860
2099,2831779,Pin sạc dự phòng,120
2099,2831779,Pin sạc dự phòng,120
2099,2831779,Pin sạc dự phòng,2400
2099,2831779,Pin sạc dự phòng,60
2102,2824669,Áo kiểu,60
2103,2879561,Kem chống nắng,60
2106,1383965,Trang sức,60
2106,2134417,Trang sức,60
2106,2213202,Trang sức,120
2106,2486229,Trang sức,60
2106,2785672,Trang sức,60
2107,2815912,Balo khác,60
2108,2846258,"Bình, ly, bộ ly tách",60
2110,2593321,Sản phẩm khác,120
2113,2796806,Giày sandal nữ,60
2113,2880368,Giày sandal nữ,60
2114,1902990,Đồng hồ bé trai,60
2114,2635763,Đồng hồ bé trai,60
2114,2724829,Đồng hồ bé gái,120
2114,2819379,Đồng hồ bé trai,60
2114,2835536,Đồng hồ bé gái,60
2114,2862583,Đồng hồ bé trai,180
2114,3064719,Đồng hồ bé gái,120
2114,3083661,Đồng hồ bé gái,60
2118,2549669,Giày tây,120
2119,3001717,Giày tăng chiều cao,120
2120,2910675,Đầm maxi,60
