userId,movieId,tag,timestamp
009A2173FF3DBBB303EBAAE8B9BBBBBB,2049133,Giày sneaker nam,82
009A2173FF3DBBB303EBAAE8B9BBBBBB,2333396,Quần tây nam,1840
009A2173FF3DBBB303EBAAE8B9BBBBBB,2917983,Quần tây nam,68
00B42D41CA7DEE9872ADAE977B15D84C,2251478,Quần lót,46
00F0D2BDDCC5E2ADD3C49E1F424D10BF,2178705,Quần lót,57
017378959E2F85B5AB02B235455FB91A,2851196,Giày thể thao nam,14
017378959E2F85B5AB02B235455FB91A,2851201,Giày thể thao nam,3
017378959E2F85B5AB02B235455FB91A,2912087,Giày thể thao nam,11
017378959E2F85B5AB02B235455FB91A,2930788,Giày thể thao nam,38
017378959E2F85B5AB02B235455FB91A,2934730,Giày thể thao nam,32
02D7505CF1C7E18F5F9C4CC90BB6A66A,2899557,Giày thể thao nam,75
05B84285CEBC03F42F9A5595518A4E66,2781040,Bộ ,254
06ADABD42941405449C303690FEFE566,958820,Giày bốt nữ,2856
06ADABD42941405449C303690FEFE566,1403122,Giày bốt nữ,630
06ADABD42941405449C303690FEFE566,2346028,Quần legging,56
078EADAA0CE96FD733BF3CBC76FF90A3,2388390,Giày sneaker nữ,14
081E7A2B2AC32BD03A9C817A9BF24A04,1010050,Áo ngực,12
081E7A2B2AC32BD03A9C817A9BF24A04,1010050,Áo ngực,126
081E7A2B2AC32BD03A9C817A9BF24A04,2001881,Áo ngực,115
081E7A2B2AC32BD03A9C817A9BF24A04,2683423,Áo ngực,15
081E7A2B2AC32BD03A9C817A9BF24A04,2683435,Áo ngực,72
089ED1E70BEA951A8DC9F8BA34F02EDA,1999919,"Giá, kệ để gọn đồ",160
089ED1E70BEA951A8DC9F8BA34F02EDA,2301613,Bộ dụng cụ đa năng,25
089ED1E70BEA951A8DC9F8BA34F02EDA,2380811,Bộ dụng cụ đa năng,13
089ED1E70BEA951A8DC9F8BA34F02EDA,2517563,"Chăn, mền, chiếu",114
089ED1E70BEA951A8DC9F8BA34F02EDA,2526809,Bình và ly giữ nhiệt,127
089ED1E70BEA951A8DC9F8BA34F02EDA,2603150,"Chăn, mền, chiếu",90
089ED1E70BEA951A8DC9F8BA34F02EDA,2717848,Bộ dụng cụ đa năng,4
089ED1E70BEA951A8DC9F8BA34F02EDA,2811156,"Chăn, mền, chiếu",36
089ED1E70BEA951A8DC9F8BA34F02EDA,2873713,Bộ dụng cụ đa năng,260
089ED1E70BEA951A8DC9F8BA34F02EDA,2908438,Bộ dụng cụ đa năng,462
08ACD46E7188E8E90F53733409880C4E,2877677,Giày thể thao nam,32
09890120DCCBF1EFB352FC9FFA2F3484,2389826,Giày sneaker nữ,31
09C6D6787DF638F7B6E00B8C317D758D,2631940,Đầm dạ hội,333
09C6D6787DF638F7B6E00B8C317D758D,2686965,Đầm dạ hội,217
09C6D6787DF638F7B6E00B8C317D758D,2740078,Đầm maxi,364
09C6D6787DF638F7B6E00B8C317D758D,2786088,Đầm dạ hội,606
09C6D6787DF638F7B6E00B8C317D758D,2865730,Đầm dạ hội,152
09C6D6787DF638F7B6E00B8C317D758D,2880003,Đầm dạ hội,213
09C6D6787DF638F7B6E00B8C317D758D,2880886,Đầm dạ hội,48
09C6D6787DF638F7B6E00B8C317D758D,2882417,Đầm dạ hội,243
09C6D6787DF638F7B6E00B8C317D758D,2920311,Đầm maxi,851
09C6D6787DF638F7B6E00B8C317D758D,2927718,Đầm maxi,353
0B38CFF90688222570EA8F4C7500FDDA,1242812,Váy xòe,88
0B38CFF90688222570EA8F4C7500FDDA,1372025,Váy xếp ly,193
0B38CFF90688222570EA8F4C7500FDDA,1963535,Váy xòe,62
0B38CFF90688222570EA8F4C7500FDDA,2528464,Váy xòe,21
0B6001DE36ED8BBDB8F3F962AF069DF2,2053576,Áo và quần lửng,774
0B6001DE36ED8BBDB8F3F962AF069DF2,2627028,Áo và quần culottes,268
0B6001DE36ED8BBDB8F3F962AF069DF2,2627028,Áo và quần culottes,3
0B6001DE36ED8BBDB8F3F962AF069DF2,2737352,Quần tây,28
0B6001DE36ED8BBDB8F3F962AF069DF2,2737352,Quần tây,2
0B6001DE36ED8BBDB8F3F962AF069DF2,2805948,Quần thời trang,71
0B6001DE36ED8BBDB8F3F962AF069DF2,2805958,Quần thời trang,37
0B6001DE36ED8BBDB8F3F962AF069DF2,2810926,Quần thời trang,54
0B6001DE36ED8BBDB8F3F962AF069DF2,2811005,Quần thời trang,22
0B6001DE36ED8BBDB8F3F962AF069DF2,2849084,Quần thời trang,18
0B6001DE36ED8BBDB8F3F962AF069DF2,2849084,Quần thời trang,46
0CBC85A15BA795821A4FBF0354D75291,2178617,Quần lót,66
0CBC85A15BA795821A4FBF0354D75291,2178705,Quần lót,26
0DDF9CC9AD917589906F71E11C922113,765229,Mô hình công trình,334
0DDF9CC9AD917589906F71E11C922113,765229,Mô hình công trình,5
0DDF9CC9AD917589906F71E11C922113,2575101,"Túi bản to, đeo vai",23
0DDF9CC9AD917589906F71E11C922113,2895004,"Túi bản to, đeo vai",2158
0F5B3A96D9DB6A733C0B1D9D67FAD24D,1458312,Áo kiểu,589
104363039E9D8069DF87A6DA783111ED,2066144,Đồng hồ kim,19
104363039E9D8069DF87A6DA783111ED,2765740,Đồng hồ kim,19
1116728F0DCE1D8AB99C6D0D2FA3894F,2495525,Bật lửa,30
1116728F0DCE1D8AB99C6D0D2FA3894F,2502663,Bật lửa,106
1116728F0DCE1D8AB99C6D0D2FA3894F,2759655,Bật lửa,486
1252F594059426531F0EA03DC18200FD,1429444,"Bình, ly, bộ ly tách",3665
1252F594059426531F0EA03DC18200FD,1909067,Máy pha cà phê,16
1252F594059426531F0EA03DC18200FD,2402060,Dụng cụ chế biến rau củ,12
1252F594059426531F0EA03DC18200FD,2435099,Dụng cụ chế biến rau củ,12
1252F594059426531F0EA03DC18200FD,2624429,Máy pha cà phê,3
1252F594059426531F0EA03DC18200FD,2733620,Dụng cụ chế biến rau củ,3
1252F594059426531F0EA03DC18200FD,2737575,Máy ép trái cây,94
1252F594059426531F0EA03DC18200FD,2765283,Máy pha cà phê,2
1252F594059426531F0EA03DC18200FD,2790745,Máy ép trái cây,33
1252F594059426531F0EA03DC18200FD,2828905,Dụng cụ chế biến rau củ,32
1252F594059426531F0EA03DC18200FD,2858522,Dụng cụ nhà bếp khác,18
1252F594059426531F0EA03DC18200FD,2873492,Dụng cụ chế biến rau củ,31
1252F594059426531F0EA03DC18200FD,2931721,Dụng cụ nhà bếp khác,54
12AC797A195C859635800F5D707E38C5,1100413,Giày bốt nữ,152
12AC797A195C859635800F5D707E38C5,1987818,Túi đeo chéo nữ,116
12AC797A195C859635800F5D707E38C5,2241039,Túi đeo chéo nữ,83
12AC797A195C859635800F5D707E38C5,2322497,Giày bốt nữ,77
12AC797A195C859635800F5D707E38C5,2322497,Giày bốt nữ,49
12AC797A195C859635800F5D707E38C5,2435984,Giày bốt nữ,270
12AC797A195C859635800F5D707E38C5,2478902,Giày bốt nữ,1100
12AC797A195C859635800F5D707E38C5,2509012,Giày bốt nữ,17
12AC797A195C859635800F5D707E38C5,2564980,"Ví, bóp tiền nam",147
12AC797A195C859635800F5D707E38C5,2598544,Túi đeo chéo nữ,197
12AC797A195C859635800F5D707E38C5,2628933,Giày bốt nữ,56
12AC797A195C859635800F5D707E38C5,2681541,Giày bốt nữ,382
12F46CCD24430BDBD36F16F572347B2B,2846115,Trang sức,20
13C254B9CD3414BEB30884354A4D462D,2490200,Trang sức,2139
13C254B9CD3414BEB30884354A4D462D,2739081,Đồng hồ kim,99
13C254B9CD3414BEB30884354A4D462D,2785672,Trang sức,161
13DC84A8E0C80D320ABDCC469D126D95,901836,Giày bốt nam,45
13DC84A8E0C80D320ABDCC469D126D95,1197201,Quần kiểu khác,151
13DC84A8E0C80D320ABDCC469D126D95,1379826,Giày bốt nam,89
13DC84A8E0C80D320ABDCC469D126D95,2663949,Quần lót,318
13DC84A8E0C80D320ABDCC469D126D95,2663955,Quần lót,35
1500BB762D57004C309F774BD8AA16AC,2213967,Thú bông,444
16BFA418DF4838D8263971FFF61A71A0,2852177,Phụ kiện khác,198
16BFA418DF4838D8263971FFF61A71A0,2852177,Phụ kiện khác,5
178A620D257BEE6C744C144B028F8864,2749234,Giày sandal nữ,8
179C644CBB720ABE959B92C9AC6EF534,499034,Váy bút chì,15
179C644CBB720ABE959B92C9AC6EF534,499034,Váy bút chì,43
179C644CBB720ABE959B92C9AC6EF534,1334491,Váy bút chì,170
179C644CBB720ABE959B92C9AC6EF534,1346639,Váy bút chì,17
179C644CBB720ABE959B92C9AC6EF534,1367289,Váy bút chì,565
179C644CBB720ABE959B92C9AC6EF534,1973411,Váy bút chì,100
179C644CBB720ABE959B92C9AC6EF534,1973411,Váy bút chì,18
179C644CBB720ABE959B92C9AC6EF534,2903551,Váy bút chì,519
17B0ECCB89C292908890CF54407FC6DF,2795902,"Case, bao da điện thoại di động",3
17B0ECCB89C292908890CF54407FC6DF,2862073,"Case, bao da điện thoại di động",5
17B0ECCB89C292908890CF54407FC6DF,2902904,Tai nghe,17
17F679436921623117B9A6AA169271C2,2676074,Áo và quần culottes,21
17F679436921623117B9A6AA169271C2,2676074,Áo và quần culottes,6
17F679436921623117B9A6AA169271C2,2676074,Áo và quần culottes,11
18B9B20239FCC706C9779B540887C27F,2897852,Phụ kiện khác,244
1959714FC155BC045F38AFDD1A5B044C,2759504,Bộ mỹ phẩm chăm sóc da,118
1A13A924CE3DFE1D96B24F6FC98C6F19,2725789,BB cream và CC cream,31
1A13A924CE3DFE1D96B24F6FC98C6F19,2917270,BB cream và CC cream,39
1A97CA2395085540EEC846F94BACF70D,647041,Bật lửa,700
1A97CA2395085540EEC846F94BACF70D,1994334,Trang sức,184
1A97CA2395085540EEC846F94BACF70D,2647881,Trang sức,24
1A97CA2395085540EEC846F94BACF70D,2647881,Trang sức,2359
1A97CA2395085540EEC846F94BACF70D,2688413,Bật lửa,55
1A97CA2395085540EEC846F94BACF70D,2863519,Bật lửa,34
1A97CA2395085540EEC846F94BACF70D,2863786,Bật lửa,38
1B4D18CFDEE7CEF0CB5DA825EF955538,2834912,Ổ khóa,90
1B71E39ED4C6C582458539FF2C24BE2C,2220782,Quần legging,61
1B71E39ED4C6C582458539FF2C24BE2C,2262890,Quần thời trang,110
1B71E39ED4C6C582458539FF2C24BE2C,2307354,Quần thời trang,40
1B71E39ED4C6C582458539FF2C24BE2C,2396547,Váy xếp ly,19
1B71E39ED4C6C582458539FF2C24BE2C,2740036,Quần thời trang,1401
1B71E39ED4C6C582458539FF2C24BE2C,2920400,Đầm maxi,49
1BC34DD9D63535DE67D82FBC46212287,2051331,Bật lửa,752
1BC34DD9D63535DE67D82FBC46212287,2168953,Bật lửa,130
1BC34DD9D63535DE67D82FBC46212287,2262298,Bật lửa,51
1BC34DD9D63535DE67D82FBC46212287,2287331,Bật lửa,39
1BC34DD9D63535DE67D82FBC46212287,2349867,Bật lửa,329
1BC34DD9D63535DE67D82FBC46212287,2400385,Bộ dụng cụ đa năng,203
1BC34DD9D63535DE67D82FBC46212287,2499738,Bật lửa,497
1BC34DD9D63535DE67D82FBC46212287,2649219,Đồng hồ điện tử,31
1BC34DD9D63535DE67D82FBC46212287,2679419,Bật lửa,175
1BC34DD9D63535DE67D82FBC46212287,2726220,Bật lửa,149
1BC34DD9D63535DE67D82FBC46212287,2800439,Bật lửa,99
1BC34DD9D63535DE67D82FBC46212287,2802277,Bật lửa,81
1BC34DD9D63535DE67D82FBC46212287,2802277,Bật lửa,76
1BC34DD9D63535DE67D82FBC46212287,2802277,Bật lửa,1432
1D6501CD34DB60C487106E37D74E13A9,2178617,Quần lót,47
1EA9025FB12A604B4247C2D791BCAD71,2491646,"Cáp sạc, cáp truyền dữ liệu",300
1EA9025FB12A604B4247C2D791BCAD71,2766706,"Cáp sạc, cáp truyền dữ liệu",418
1EA9025FB12A604B4247C2D791BCAD71,2766837,"Cáp sạc, cáp truyền dữ liệu",36
1EDAEDADD18E45DCAA6392A0DDC731FB,2472055,BB cream và CC cream,81
1EDAEDADD18E45DCAA6392A0DDC731FB,2630306,BB cream và CC cream,99
253F42E030371F9E6D6442B7CEF52760,2353249,Phụ kiện khác,48
253F42E030371F9E6D6442B7CEF52760,2765641,Sản phẩm khác,23
259767F044827AA52B84D23E9F32D785,2289628,Găng tay lái xe,37
2817D89A97347AFB88137B0CA7BD532C,2255852,Máy khoan,254
2817D89A97347AFB88137B0CA7BD532C,2255852,Máy khoan,335
2817D89A97347AFB88137B0CA7BD532C,2255852,Máy khoan,25
2817D89A97347AFB88137B0CA7BD532C,2671861,"Máy cắt, máy mài",481
2817D89A97347AFB88137B0CA7BD532C,2678833,Máy khoan,476
2817D89A97347AFB88137B0CA7BD532C,2754130,Máy khoan,29
2920AE6BAE63DB801D49AE4615ECFDA8,2370825,"Áo khoác len, cardigan",40
2920AE6BAE63DB801D49AE4615ECFDA8,2463936,"Áo khoác len, cardigan",3466
2AA79D22A3936DFB50B54AEBABF64E89,2743903,"Máy, khuôn và dụng cụ làm kem",23
2AA79D22A3936DFB50B54AEBABF64E89,2743955,"Máy, khuôn và dụng cụ làm kem",45
2AA79D22A3936DFB50B54AEBABF64E89,2743979,"Máy, khuôn và dụng cụ làm kem",17
2AA79D22A3936DFB50B54AEBABF64E89,2743986,"Máy, khuôn và dụng cụ làm kem",13
2B3B40181C3B58906E226A855739FCD9,2430672,Giày sandal nam,302
2B3B40181C3B58906E226A855739FCD9,2650537,Giày sandal nam,41
2B3B40181C3B58906E226A855739FCD9,2717554,"Dép quai ngang, chéo nam",70
2B3B40181C3B58906E226A855739FCD9,2907548,Giày sandal nam,41
2B8AE8680D7A76F9997FCB94F9788ACF,2486314,Đồng hồ thời trang,74
2B8AE8680D7A76F9997FCB94F9788ACF,2486573,Đồng hồ thời trang,20
2B8AE8680D7A76F9997FCB94F9788ACF,2834384,Đồng hồ thời trang,3
2BE76DB3FF24BD8661B8A39E0C6C286A,2606802,Sản phẩm khác,89
2C5A255D9B264F46149DBE2C047CFF48,2870161,Chuột,110
2CEBC824EBEF1B52EA7562B716D020D8,1885579,Túi đeo chéo nam,104
2CEBC824EBEF1B52EA7562B716D020D8,2163965,Túi đeo chéo nam,150
2CEBC824EBEF1B52EA7562B716D020D8,2172959,"Túi bao tử, túi đeo bụng",205
2CEBC824EBEF1B52EA7562B716D020D8,2181599,Túi đeo chéo nam,6
2CEBC824EBEF1B52EA7562B716D020D8,2812750,Túi đeo chéo nam,13
2CEBC824EBEF1B52EA7562B716D020D8,2864055,Túi đeo chéo nam,17
2CEBC824EBEF1B52EA7562B716D020D8,2894572,Túi đeo chéo nam,3
2CEBC824EBEF1B52EA7562B716D020D8,2918278,Túi đeo chéo nam,209
2FF915AFC64904BFB80CC04C4D7FE200,2492349,Mô hình nhân vật,28
2FF915AFC64904BFB80CC04C4D7FE200,2893606,Bộ dụng cụ đa năng,7
2FF915AFC64904BFB80CC04C4D7FE200,2927865,Sản phẩm khác,7
31B5C2CDF7DDADE5F57B3DA69916CB2A,1289916,Bộ ,335
31B5C2CDF7DDADE5F57B3DA69916CB2A,1344892,Bộ ,49
31B5C2CDF7DDADE5F57B3DA69916CB2A,1392044,Bộ ,7
31B5C2CDF7DDADE5F57B3DA69916CB2A,1392161,Bộ ,62
31B5C2CDF7DDADE5F57B3DA69916CB2A,1392202,Bộ ,128
31B5C2CDF7DDADE5F57B3DA69916CB2A,1392267,Bộ ,235
31B5C2CDF7DDADE5F57B3DA69916CB2A,2005142,Bộ ,49
31B5C2CDF7DDADE5F57B3DA69916CB2A,2282669,Bộ ,139
31B5C2CDF7DDADE5F57B3DA69916CB2A,2289061,Bộ ,65
31B5C2CDF7DDADE5F57B3DA69916CB2A,2497458,Bộ ,156
31B5C2CDF7DDADE5F57B3DA69916CB2A,2522057,Bộ ,65
31B5C2CDF7DDADE5F57B3DA69916CB2A,2666659,Áo thun,23
31B5C2CDF7DDADE5F57B3DA69916CB2A,2742208,Áo thun,50
31B5C2CDF7DDADE5F57B3DA69916CB2A,2780642,Bộ ,301
31B5C2CDF7DDADE5F57B3DA69916CB2A,2816172,Nón,178
31B5C2CDF7DDADE5F57B3DA69916CB2A,2859775,Đầm,57
31B5C2CDF7DDADE5F57B3DA69916CB2A,2859775,Đầm,222
31B5C2CDF7DDADE5F57B3DA69916CB2A,2869005,Áo thun,46
31B5C2CDF7DDADE5F57B3DA69916CB2A,2876557,Áo thun,7
31B5C2CDF7DDADE5F57B3DA69916CB2A,2892737,Bộ ,9
31B5C2CDF7DDADE5F57B3DA69916CB2A,2913005,Đầm,15
31B5C2CDF7DDADE5F57B3DA69916CB2A,2913005,Đầm,145
31B5C2CDF7DDADE5F57B3DA69916CB2A,2913005,Đầm,37
31B5C2CDF7DDADE5F57B3DA69916CB2A,2934773,Bộ ,37
31B5C2CDF7DDADE5F57B3DA69916CB2A,2934940,Bộ ,43
321A3EC43C25DEE724018BDF90D27DEB,2863509,Giày sneaker nữ,766
321A3EC43C25DEE724018BDF90D27DEB,2863509,Giày sneaker nữ,8
321A3EC43C25DEE724018BDF90D27DEB,2900317,Giày sneaker nữ,16
34558DC3D361F0C66AD08EFAD3B85D82,890755,Áo khoác có mũ,87
34558DC3D361F0C66AD08EFAD3B85D82,890755,Áo khoác có mũ,471
34558DC3D361F0C66AD08EFAD3B85D82,938941,Áo khoác có mũ,11
34558DC3D361F0C66AD08EFAD3B85D82,938941,Áo khoác có mũ,81
34558DC3D361F0C66AD08EFAD3B85D82,2016040,Áo khoác chống nắng,23
34558DC3D361F0C66AD08EFAD3B85D82,2602368,Áo khoác có mũ,28
34558DC3D361F0C66AD08EFAD3B85D82,2602368,Áo khoác có mũ,68
34558DC3D361F0C66AD08EFAD3B85D82,2781348,Áo khoác có mũ,27
34558DC3D361F0C66AD08EFAD3B85D82,2781348,Áo khoác có mũ,160
34558DC3D361F0C66AD08EFAD3B85D82,2902234,Áo khoác có mũ,23
34558DC3D361F0C66AD08EFAD3B85D82,2902234,Áo khoác có mũ,58
345C7C12D00B4A3F2EA0D0D4AF9F671B,2665012,Bật lửa,5
34A6C9D370BEA432E2D7DD9C0051849C,2920368,Đầm maxi,6
34BFB16B3957153C701EE971D4135BF2,1208062,Găng tay,95
34BFB16B3957153C701EE971D4135BF2,1456367,Găng tay,65
34BFB16B3957153C701EE971D4135BF2,1456377,Găng tay,51
34BFB16B3957153C701EE971D4135BF2,2543030,Găng tay,71
34C5EFB529DAE1BF23D78E8D2D2D7EE2,1857956,Áo sơ mi công sở,50
354C926BBC906E313856BBED0000B84D,2178617,Quần lót,31
354C926BBC906E313856BBED0000B84D,2251478,Quần lót,13
354C926BBC906E313856BBED0000B84D,2251478,Quần lót,68
354C926BBC906E313856BBED0000B84D,2639420,Quần lót,5
354C926BBC906E313856BBED0000B84D,2639420,Quần lót,27
373A82239CC4DF5EE28817BEF5D0F69C,703231,Áo ngực,19
3807583D0735AD560F806A43AD361A6D,1882998,Áo và quần culottes,8
3807583D0735AD560F806A43AD361A6D,2240859,Túi đeo chéo nữ,34
3807583D0735AD560F806A43AD361A6D,2253935,Túi đeo chéo nữ,110
3807583D0735AD560F806A43AD361A6D,2319377,Túi đeo chéo nữ,246
3807583D0735AD560F806A43AD361A6D,2319377,Túi đeo chéo nữ,18
3807583D0735AD560F806A43AD361A6D,2522458,Túi đeo chéo nữ,16
3807583D0735AD560F806A43AD361A6D,2522458,Túi đeo chéo nữ,6
3807583D0735AD560F806A43AD361A6D,2541724,Túi đeo chéo nữ,20
3807583D0735AD560F806A43AD361A6D,2541724,Túi đeo chéo nữ,5
3807583D0735AD560F806A43AD361A6D,2846244,Túi đeo chéo nữ,405
381FD1ECC697ADBB00441EE7E3B4B33A,2644916,Sơ mi tay dài,34
382EB651D4EAC5978BDDA4887E771243,2095291,Giày Oxford nữ,141
382EB651D4EAC5978BDDA4887E771243,2662576,Giày sneaker nữ,63
38C94122A945481AC2B243D8234D4C53,1407423,Áo sơ mi công sở,442
38C94122A945481AC2B243D8234D4C53,2709346,Đầm maxi,123
38C94122A945481AC2B243D8234D4C53,2745093,Đầm maxi,5
38C94122A945481AC2B243D8234D4C53,2745093,Đầm maxi,360
38C94122A945481AC2B243D8234D4C53,2904877,Đầm maxi,86
396DD4267028C4F62303A16279CAEC0B,2870377,Điện thoại di động,58
3A801C21F2F14376D5CF90C642CC5596,1847537,Áo sơ mi công sở,47
3A801C21F2F14376D5CF90C642CC5596,2179342,Áo và quần dài,45
3A801C21F2F14376D5CF90C642CC5596,2468228,Áo sơ mi công sở,12
3B2634D861BDBE430E0AE588DD17FDBA,2858416,Son tint,26
3BD59AFE5807D43BA04FB788C2531CE7,2673839,Quần jeans ống côn skinny,30
3BD59AFE5807D43BA04FB788C2531CE7,2856311,Quần jeans ống côn skinny,105
3C02AED680B5A7B61231AF7B7784F7FE,2744930,Thẻ nhớ,319
3C8F97F85EEF48A9A997EB79A8B6EC1F,1883662,Nồi áp suất điện,34
3C8F97F85EEF48A9A997EB79A8B6EC1F,2139007,Nồi áp suất điện,41
3C8F97F85EEF48A9A997EB79A8B6EC1F,2328825,Nồi áp suất điện,38
3C8F97F85EEF48A9A997EB79A8B6EC1F,2558446,Nồi áp suất điện,27
3C8F97F85EEF48A9A997EB79A8B6EC1F,2558525,Nồi áp suất điện,42
3C8F97F85EEF48A9A997EB79A8B6EC1F,2619527,Nồi áp suất điện,47
3C8F97F85EEF48A9A997EB79A8B6EC1F,2746580,Nồi áp suất điện,59
3C8F97F85EEF48A9A997EB79A8B6EC1F,2929438,Nồi áp suất điện,32
3C92ECFE0991F0539229F612DEB34722,2006890,Quần lót,104
3C92ECFE0991F0539229F612DEB34722,2006890,Quần lót,19
3C92ECFE0991F0539229F612DEB34722,2294519,Quần lót,21
3C92ECFE0991F0539229F612DEB34722,2622163,Áo lót,59
3C92ECFE0991F0539229F612DEB34722,2622163,Áo lót,25
3C92ECFE0991F0539229F612DEB34722,2829727,Boxer,9
3C92ECFE0991F0539229F612DEB34722,2889698,Quần lót,62
3C92ECFE0991F0539229F612DEB34722,2889698,Quần lót,1
3C92ECFE0991F0539229F612DEB34722,2912444,Quần lót,9
3C92ECFE0991F0539229F612DEB34722,2912444,Quần lót,1
3D38EAF0439BCE4B20032387DA86FEFA,2036434,Găng tay,11
3D7646B56BA1968246CAF82627E3413F,1998082,Dưỡng tóc,3649
3F958E2E5A5571A2CFA523B0B2CBF0B0,2899729,Giày thể thao nam,109
3F958E2E5A5571A2CFA523B0B2CBF0B0,2934823,Giày thể thao nam,204
4097C7EB1E5522997A5C23F56A2B2E7E,2024021,Áo thun không cổ,126
4097C7EB1E5522997A5C23F56A2B2E7E,2024021,Áo thun không cổ,438
4097C7EB1E5522997A5C23F56A2B2E7E,2024021,Áo thun không cổ,50
4097C7EB1E5522997A5C23F56A2B2E7E,2800948,Áo thun không cổ,57
4097C7EB1E5522997A5C23F56A2B2E7E,2826417,"Áo thể thao, tập gym",52
4097C7EB1E5522997A5C23F56A2B2E7E,2826417,"Áo thể thao, tập gym",250
417902AB1F5FC6AD526DD48551473B4C,1928849,Giày tây,101
417902AB1F5FC6AD526DD48551473B4C,2284390,Giày tây,100
417902AB1F5FC6AD526DD48551473B4C,2839895,Giày tây,1185
417902AB1F5FC6AD526DD48551473B4C,2872851,"Giày lười, giày mọi nam",158
41E22B6A0DCCC743BC9C7DF6BD0354FA,2422736,Bao cao su,49
41E22B6A0DCCC743BC9C7DF6BD0354FA,2500546,Bao cao su,67
41E22B6A0DCCC743BC9C7DF6BD0354FA,2500546,Bao cao su,57
41E22B6A0DCCC743BC9C7DF6BD0354FA,2673150,Bổ sung tăng cường,12
41E22B6A0DCCC743BC9C7DF6BD0354FA,2673173,Bổ sung tăng cường,17
41E22B6A0DCCC743BC9C7DF6BD0354FA,2676738,Bổ sung tăng cường,28
41E22B6A0DCCC743BC9C7DF6BD0354FA,2724813,Bổ sung tăng cường,83
41E22B6A0DCCC743BC9C7DF6BD0354FA,2818739,Bổ sung tăng cường,22
42D875404A867773FE621C63C33015DF,1458016,"Túi xách tay, cặp nam",49
42D875404A867773FE621C63C33015DF,2090897,"Túi xách tay, cặp nam",89
42D875404A867773FE621C63C33015DF,2706988,"Túi xách tay, cặp nam",115
42D875404A867773FE621C63C33015DF,2931873,Vali - Túi du lịch khác,261
42F395CB6CD0FAD017DD8BD20C516E4B,899556,Bộ dụng cụ đa năng,65
4333C29B4371A7757DC04842A214B3DD,2772088,Gậy selfie,629
4333C29B4371A7757DC04842A214B3DD,2772088,Gậy selfie,14
448A3A704304E1134B4B8A9B02DE4514,2547490,Đồng hồ kim,74
448A3A704304E1134B4B8A9B02DE4514,2555413,Đồng hồ điện tử,469
448A3A704304E1134B4B8A9B02DE4514,2555413,Đồng hồ điện tử,49
448A3A704304E1134B4B8A9B02DE4514,2833982,Đồng hồ kim,305
451FD6D4521B91B5AABF4B17A9C8FDBC,445748,Bàn phím,35
451FD6D4521B91B5AABF4B17A9C8FDBC,642188,Bàn phím,238
451FD6D4521B91B5AABF4B17A9C8FDBC,1430517,Bàn phím máy tính bảng,39
451FD6D4521B91B5AABF4B17A9C8FDBC,2464883,Bàn phím,15
451FD6D4521B91B5AABF4B17A9C8FDBC,2755963,Bàn phím máy tính bảng,29
451FD6D4521B91B5AABF4B17A9C8FDBC,2925093,Bàn phím máy tính bảng,67
45AF49B2FC7A18684739D9ABCA9C41CD,1463075,Quần shorts kaki,88
45AF49B2FC7A18684739D9ABCA9C41CD,1945343,Sơ mi tay dài,337
45AF49B2FC7A18684739D9ABCA9C41CD,2492125,Quần kaki,121
45AF49B2FC7A18684739D9ABCA9C41CD,2590131,Sơ mi tay ngắn,90
45AF49B2FC7A18684739D9ABCA9C41CD,2739347,Sơ mi tay dài,76
45AF49B2FC7A18684739D9ABCA9C41CD,2743390,Quần kaki,160
45AF49B2FC7A18684739D9ABCA9C41CD,2812137,Sơ mi tay dài,37
45AF49B2FC7A18684739D9ABCA9C41CD,2884212,Quần jogger,719
45AF49B2FC7A18684739D9ABCA9C41CD,2895801,Sơ mi tay dài,80
45AF49B2FC7A18684739D9ABCA9C41CD,2896509,Sơ mi tay dài,45
45AF49B2FC7A18684739D9ABCA9C41CD,2919614,Quần kaki,19
45AF49B2FC7A18684739D9ABCA9C41CD,2922830,Quần jogger,77
45AF49B2FC7A18684739D9ABCA9C41CD,2926152,Quần kaki,54
45AF49B2FC7A18684739D9ABCA9C41CD,2935710,Sơ mi tay dài,110
46716EA3365C17044D4226251D59B5CD,2795967,Áo thun không cổ,581
46716EA3365C17044D4226251D59B5CD,2930871,Áo thun không cổ,27
46755FDF414BBA9752CBA59C8B464F6E,2142545,"Áo khoác dạ, măng tô",64
46755FDF414BBA9752CBA59C8B464F6E,2142545,"Áo khoác dạ, măng tô",62
46755FDF414BBA9752CBA59C8B464F6E,2424741,"Áo khoác dạ, măng tô",158
46755FDF414BBA9752CBA59C8B464F6E,2536009,"Áo khoác dạ, măng tô",78
4695E3765FF1B9BE7A826D843DB4AF9B,2827238,Đầm ôm,75
46F1C95BCEEAA3ED17D706D561EB8AA7,2178617,Quần lót,93
475B4A5580B402C5F91A572D5D6CABE3,2744842,Sản phẩm bôi trơn,80
476FB623837EB7CCFB2242C1337BFE2C,2723498,Đầm xòe,333
476FB623837EB7CCFB2242C1337BFE2C,2723498,Đầm xòe,576
48A83B4CA84A6A587275AF0B60A8BD44,836311,Quần lót,22
48A83B4CA84A6A587275AF0B60A8BD44,1441099,Sản phẩm khác,22
48A83B4CA84A6A587275AF0B60A8BD44,1458334,Quần lót,13
48A83B4CA84A6A587275AF0B60A8BD44,1937605,Quần lót,15
48A83B4CA84A6A587275AF0B60A8BD44,2029469,Quần lót,15
48A83B4CA84A6A587275AF0B60A8BD44,2029499,Quần lót,12
48A83B4CA84A6A587275AF0B60A8BD44,2029499,Quần lót,15
48A83B4CA84A6A587275AF0B60A8BD44,2083064,Quần lót,13
48A83B4CA84A6A587275AF0B60A8BD44,2178571,Quần lót,18
48A83B4CA84A6A587275AF0B60A8BD44,2266002,Quần lót,9
48A83B4CA84A6A587275AF0B60A8BD44,2269859,Quần lót,28
48A83B4CA84A6A587275AF0B60A8BD44,2475040,Quần lót,19
48A83B4CA84A6A587275AF0B60A8BD44,2613496,Quần lót,19
48A83B4CA84A6A587275AF0B60A8BD44,2743456,Quần lót,16
48DF5EEDF01899F71018508A193C79EA,2285347,"Giày lười, giày mọi nam",14
4D1B6EA38FA63CCBE7C2C0902D014EDB,2840136,Giày sneaker nam,56
4D1B6EA38FA63CCBE7C2C0902D014EDB,2868646,Giày sneaker nam,40
4D1B6EA38FA63CCBE7C2C0902D014EDB,2872603,Giày sneaker nam,5
4D966204E3905AEF92FB76A6B10A6874,2646507,Áo thun có tay,25
4D966204E3905AEF92FB76A6B10A6874,2742196,Áo thun có tay,19
4D966204E3905AEF92FB76A6B10A6874,2777742,Áo thun có tay,11
4D966204E3905AEF92FB76A6B10A6874,2801426,Áo thun có tay,43
4D966204E3905AEF92FB76A6B10A6874,2816438,Áo khoác chống nắng,34
4D966204E3905AEF92FB76A6B10A6874,2848454,Áo thun có tay,41
4D966204E3905AEF92FB76A6B10A6874,2928526,Áo khoác chống nắng,16
4DBE7327D39F1632198E00444848846D,2539194,Đầm xòe,14
4DBE7327D39F1632198E00444848846D,2542020,Đầm xòe,472
4DDBCA2EAF7CEECA29B9DA7336163916,1960259,Bikini,99
4E57D04404366286A1A71E1CECE39690,1930061,Áo cưới,28
4E96CFF03E4C10C5A8F9F492D5328681,2661372,Giày thể thao nam,110
4E96CFF03E4C10C5A8F9F492D5328681,2930744,Giày thể thao nam,232
4ED36FFAA820335468FCB1A756937C9C,2803133,Giày sneaker nữ,24
4ED36FFAA820335468FCB1A756937C9C,2869103,Giày sneaker nữ,25
4ED36FFAA820335468FCB1A756937C9C,2888281,Giày sneaker nữ,71
4F67F8C4FCB2B84AFC644FBDCCB76DBA,2006687,Giày sneaker nữ,31
4F67F8C4FCB2B84AFC644FBDCCB76DBA,2205948,Son dưỡng,140
4F67F8C4FCB2B84AFC644FBDCCB76DBA,2321753,"Giày mọi, slip on nữ",63
4F68BE2330FF22475CE7BB60AF68F432,2029469,Quần lót,21
4F68BE2330FF22475CE7BB60AF68F432,2083064,Quần lót,26
4F68BE2330FF22475CE7BB60AF68F432,2178617,Quần lót,31
50416EF2537243D6417096341D309072,1290954,Đồ dùng sinh hoạt khác,3
50416EF2537243D6417096341D309072,2216297,"Leo núi, cắm trại",71
50416EF2537243D6417096341D309072,2616547,"Leo núi, cắm trại",247
50416EF2537243D6417096341D309072,2691355,Các loại đồ chơi vận động,73
517E5F9F6657E0954A5613AF6D1ED225,2283394,Bật lửa,235
517E5F9F6657E0954A5613AF6D1ED225,2283394,Bật lửa,8
517E5F9F6657E0954A5613AF6D1ED225,2486126,Loa,131
517E5F9F6657E0954A5613AF6D1ED225,2497323,Mắt kính,247
517E5F9F6657E0954A5613AF6D1ED225,2634620,Bật lửa,50
517E5F9F6657E0954A5613AF6D1ED225,2644558,Máy nghe nhạc,156
517E5F9F6657E0954A5613AF6D1ED225,2644558,Máy nghe nhạc,7
517E5F9F6657E0954A5613AF6D1ED225,2806045,Bật lửa,516
517E5F9F6657E0954A5613AF6D1ED225,2806045,Bật lửa,39
517E5F9F6657E0954A5613AF6D1ED225,2806045,Bật lửa,6
517E5F9F6657E0954A5613AF6D1ED225,2806045,Bật lửa,2
517E5F9F6657E0954A5613AF6D1ED225,2819309,Bật lửa,48
51A02BD1F43EE47F61FCAA6BD56C8F8D,2319837,Giày sneaker nam,54
51A02BD1F43EE47F61FCAA6BD56C8F8D,2368104,Giày sneaker nam,46
51A02BD1F43EE47F61FCAA6BD56C8F8D,2811732,Giày sneaker nam,34
51A61E969FA32CFF065E72227D59C026,2653251,Tai nghe,130
51CED25A2F987F4D1F12C4ABEAC40C8C,2841085,Đồng hồ đôi,30
51CED25A2F987F4D1F12C4ABEAC40C8C,2841085,Đồng hồ đôi,47
51CED25A2F987F4D1F12C4ABEAC40C8C,2882609,Đồng hồ đôi,49
51CED25A2F987F4D1F12C4ABEAC40C8C,2889112,Đồng hồ đôi,20
51CED25A2F987F4D1F12C4ABEAC40C8C,2931395,Đồng hồ đôi,19
53049A8D72A6B04DD3DF899409629760,2863953,Giày sandal nữ,158
53049A8D72A6B04DD3DF899409629760,2870845,Giày sandal nữ,80
53A0FC02A1A6ED3EB232F5C91AA9A8BF,2395162,Quần jeans ống côn skinny,3611
53A0FC02A1A6ED3EB232F5C91AA9A8BF,2419006,Quần jeans ống côn skinny,114
53A0FC02A1A6ED3EB232F5C91AA9A8BF,2480228,Quần jeans ống côn skinny,71
53A0FC02A1A6ED3EB232F5C91AA9A8BF,2566088,Quần jeans ống côn skinny,517
53A0FC02A1A6ED3EB232F5C91AA9A8BF,2699678,Quần jeans ống côn skinny,57
53A0FC02A1A6ED3EB232F5C91AA9A8BF,2711408,Quần jeans ống côn skinny,147
53A7113393D63A0B5F5D3887B97A1458,2676380,Đầm ôm,29
53A8F5033D5A38C148158035BCFF7A0A,2473509,Đồng hồ kim,50
55A2A6E5B55DD0E82EAED6CF310FA1A4,2870384,Điện thoại di động,48
55A2A6E5B55DD0E82EAED6CF310FA1A4,2870447,Điện thoại di động,82
55A2A6E5B55DD0E82EAED6CF310FA1A4,2870603,Điện thoại di động,679
55A2A6E5B55DD0E82EAED6CF310FA1A4,2870603,Điện thoại di động,360
55A2A6E5B55DD0E82EAED6CF310FA1A4,2930087,Điện thoại di động,962
55D53F4B177211FC9435E176CF46E49E,2347389,Pin laptop,14
55D53F4B177211FC9435E176CF46E49E,2595521,Pin laptop,23
55D53F4B177211FC9435E176CF46E49E,2595521,Pin laptop,232
56BEAF798DD3993D27B31A3EC6B9A14E,2141751,Tai nghe,4
56BEAF798DD3993D27B31A3EC6B9A14E,2464344,Tai nghe,52
56CB9890CF2DA5F5A9C8678ECDFBC4F8,2438878,Giày sneaker nam,21
56CB9890CF2DA5F5A9C8678ECDFBC4F8,2856956,"Giày lười, giày mọi nam",10
5832B546CEFC3FC62A317D045EB454DF,2058105,"Áo khoác len, cardigan",1
5832B546CEFC3FC62A317D045EB454DF,2852141,"Áo khoác len, cardigan",834
5838EDB71D018186307E0804FE476814,2178683,Jumpsuit,168
5838EDB71D018186307E0804FE476814,2928527,Jumpsuit,168
5838EDB71D018186307E0804FE476814,2929979,Jumpsuit,12
5838EDB71D018186307E0804FE476814,2929979,Jumpsuit,86
585A0056B3E8109C691CD83112DACA05,2871020,Áo khoác chống nắng,36
58B427577CCA2AD77F6FB680E40304E5,1924792,Balo khác,52
58B427577CCA2AD77F6FB680E40304E5,2006484,"Balo, túi xách du lịch",34
58B427577CCA2AD77F6FB680E40304E5,2487606,Balo khác,5
58B427577CCA2AD77F6FB680E40304E5,2575791,Balo khác,4
58B427577CCA2AD77F6FB680E40304E5,2670466,Balo khác,4
58B427577CCA2AD77F6FB680E40304E5,2670466,Balo khác,54
5C5690038D99554A377A5AE676812D77,2024021,Áo thun không cổ,123
5C5690038D99554A377A5AE676812D77,2862878,Quần jeans ống côn skinny,2831
5F27822DBFC1BB575DA3B35D779CCAFC,2799724,Quần jeans ống côn skinny,28
5F8F7A0BCC4A8820A2F261128DF95E34,2282349,"Đồng hồ vòng tay, lắc dây",72
5F8F7A0BCC4A8820A2F261128DF95E34,2369611,"Đồng hồ vòng tay, lắc dây",84
5F8F7A0BCC4A8820A2F261128DF95E34,2369924,"Đồng hồ vòng tay, lắc dây",179
60A220DB3AB720DB454AD983617D5579,1881605,Trang sức,108
60A220DB3AB720DB454AD983617D5579,1881605,Trang sức,50
60A220DB3AB720DB454AD983617D5579,1881605,Trang sức,1308
60A220DB3AB720DB454AD983617D5579,2799244,"Leo núi, cắm trại",3692
616D1569EDE7A997E122DED5559DC493,2655126,Váy ngủ,186
6271855345645E49BE7E25EFFA24D9D2,2148818,Giày sneaker nam,67
6271855345645E49BE7E25EFFA24D9D2,2380229,Loa,32
6271855345645E49BE7E25EFFA24D9D2,2555965,Giày thể thao nam,11
645C980481DF2A066F4E5EF94BEE4979,1973540,Đầm maxi,182
645C980481DF2A066F4E5EF94BEE4979,2215787,Đầm dạ hội,70
645C980481DF2A066F4E5EF94BEE4979,2341569,Đầm suông,107
645C980481DF2A066F4E5EF94BEE4979,2455039,Đầm maxi,76
645C980481DF2A066F4E5EF94BEE4979,2563165,Đầm suông,87
645C980481DF2A066F4E5EF94BEE4979,2848073,Đầm maxi,99
645C980481DF2A066F4E5EF94BEE4979,2916994,Áo thun có tay,13
645C980481DF2A066F4E5EF94BEE4979,2917062,Đầm ôm,36
645C980481DF2A066F4E5EF94BEE4979,2917062,Đầm ôm,44
645C980481DF2A066F4E5EF94BEE4979,2923343,Đầm maxi,40
64ED4D26A483E39F15FCA7FDC6260CAE,533678,Trang trí để bàn khác,25
64ED4D26A483E39F15FCA7FDC6260CAE,564767,Sản phẩm khác,11
64ED4D26A483E39F15FCA7FDC6260CAE,1865093,"Bình, ly, bộ ly tách",112
64ED4D26A483E39F15FCA7FDC6260CAE,1939298,"Bình, ly, bộ ly tách",236
64ED4D26A483E39F15FCA7FDC6260CAE,2033950,"Ly, tách",20
64ED4D26A483E39F15FCA7FDC6260CAE,2109292,Sản phẩm khác,50
64ED4D26A483E39F15FCA7FDC6260CAE,2256675,Thiết bị sử dụng trong nhà khác,42
64ED4D26A483E39F15FCA7FDC6260CAE,2357089,"Bình, ly, bộ ly tách",19
64ED4D26A483E39F15FCA7FDC6260CAE,2416657,Khác,92
64ED4D26A483E39F15FCA7FDC6260CAE,2460020,"Chân nến, lò đốt tinh dầu",55
64ED4D26A483E39F15FCA7FDC6260CAE,2541925,"Bình, ly, bộ ly tách",74
64ED4D26A483E39F15FCA7FDC6260CAE,2663386,"Bình, ly, bộ ly tách",25
64ED4D26A483E39F15FCA7FDC6260CAE,2726985,"Bình, ly, bộ ly tách",21
64ED4D26A483E39F15FCA7FDC6260CAE,2842605,"Cốc, bát, thìa, dĩa",45
64ED4D26A483E39F15FCA7FDC6260CAE,2848864,Bình và ly giữ nhiệt,130
64ED4D26A483E39F15FCA7FDC6260CAE,2848864,Bình và ly giữ nhiệt,129
64ED4D26A483E39F15FCA7FDC6260CAE,2913250,"Kệ, hộp bút",71
650BA737322ADB6B68BB219D54A3ABCA,2266836,Tai nghe,31
650BA737322ADB6B68BB219D54A3ABCA,2521654,Tai nghe,173
650BA737322ADB6B68BB219D54A3ABCA,2859292,Tai nghe,46
6613978AE9CD597D9869C2B897FC6F42,2893292,"Miếng dán bảo vệ, trang trí",7
665BAC47B1D9373BDAA59694CBF3BB71,956514,Quần jeans ống côn skinny,8
665BAC47B1D9373BDAA59694CBF3BB71,2391848,Quần jeans ống côn skinny,25
665BAC47B1D9373BDAA59694CBF3BB71,2555476,Quần jeans ống côn skinny,302
665BAC47B1D9373BDAA59694CBF3BB71,2596379,Quần jeans ống côn skinny,10
665BAC47B1D9373BDAA59694CBF3BB71,2614509,Quần jeans ống côn skinny,12
665BAC47B1D9373BDAA59694CBF3BB71,2614547,Quần jeans ống côn skinny,361
665BAC47B1D9373BDAA59694CBF3BB71,2614563,Quần jeans ống côn skinny,9
665BAC47B1D9373BDAA59694CBF3BB71,2635272,Quần jeans ống côn skinny,46
665BAC47B1D9373BDAA59694CBF3BB71,2636717,Quần jeans ống côn skinny,29
665BAC47B1D9373BDAA59694CBF3BB71,2644350,Quần jeans ống côn skinny,39
665BAC47B1D9373BDAA59694CBF3BB71,2704596,Quần jeans ống côn skinny,86
665BAC47B1D9373BDAA59694CBF3BB71,2709814,Quần jeans ống côn skinny,90
665BAC47B1D9373BDAA59694CBF3BB71,2711408,Quần jeans ống côn skinny,17
665BAC47B1D9373BDAA59694CBF3BB71,2866488,Quần jeans ống suông,20
665BAC47B1D9373BDAA59694CBF3BB71,2902041,Quần jeans ống côn skinny,41
665BAC47B1D9373BDAA59694CBF3BB71,2930370,Quần jeans ống côn skinny,33
665BAC47B1D9373BDAA59694CBF3BB71,2931985,Quần jeans ống côn skinny,10
665BAC47B1D9373BDAA59694CBF3BB71,2933833,Quần jeans ống côn skinny,183
665BAC47B1D9373BDAA59694CBF3BB71,2933833,Quần jeans ống côn skinny,25
665BAC47B1D9373BDAA59694CBF3BB71,2933833,Quần jeans ống côn skinny,9
665BAC47B1D9373BDAA59694CBF3BB71,2933833,Quần jeans ống côn skinny,256
668EE3C73C7561552FA790226E6DC8E3,997242,"Giày lười, giày mọi nam",32
668EE3C73C7561552FA790226E6DC8E3,1105473,"Giày lười, giày mọi nam",12
668EE3C73C7561552FA790226E6DC8E3,1199772,"Giày lười, giày mọi nam",72
668EE3C73C7561552FA790226E6DC8E3,1199772,"Giày lười, giày mọi nam",62
668EE3C73C7561552FA790226E6DC8E3,1944779,"Giày lười, giày mọi nam",52
668EE3C73C7561552FA790226E6DC8E3,2128162,"Giày lười, giày mọi nam",145
668EE3C73C7561552FA790226E6DC8E3,2178958,Giày bánh mì,31
668EE3C73C7561552FA790226E6DC8E3,2213167,Giày sneaker nam,8
668EE3C73C7561552FA790226E6DC8E3,2219026,"Giày lười, giày mọi nam",14
668EE3C73C7561552FA790226E6DC8E3,2270714,"Giày lười, giày mọi nam",16
668EE3C73C7561552FA790226E6DC8E3,2436085,"Vớ, tất",7
668EE3C73C7561552FA790226E6DC8E3,2448474,"Giày lười, giày mọi nam",39
668EE3C73C7561552FA790226E6DC8E3,2458808,Giày sneaker nam,28
668EE3C73C7561552FA790226E6DC8E3,2526823,"Giày lười, giày mọi nam",48
668EE3C73C7561552FA790226E6DC8E3,2538630,Quần kaki,2
668EE3C73C7561552FA790226E6DC8E3,2618579,"Giày lười, giày mọi nam",139
668EE3C73C7561552FA790226E6DC8E3,2698659,"Giày lười, giày mọi nam",1349
668EE3C73C7561552FA790226E6DC8E3,2777078,Giày bánh mì,19
668EE3C73C7561552FA790226E6DC8E3,2797385,"Giày mọi, slip on nữ",5
668EE3C73C7561552FA790226E6DC8E3,2798953,Giày bánh mì,79
668EE3C73C7561552FA790226E6DC8E3,2814590,"Giày lười, giày mọi nam",36
668EE3C73C7561552FA790226E6DC8E3,2852205,"Giày lười, giày mọi nam",28
668EE3C73C7561552FA790226E6DC8E3,2865430,"Giày lười, giày mọi nam",28
668EE3C73C7561552FA790226E6DC8E3,2868567,Giày sneaker nam,39
67116710F322E00D279DB8A2C2AAEA64,2877367,Điện thoại di động,157
677106938BF2C8616A85D8AD65AA73C6,2460522,Đầm bầu,887
69C3BA7978C3D463545CFDEE4F74F12E,1381244,Áo kiểu,3
69C3BA7978C3D463545CFDEE4F74F12E,2179342,Áo và quần dài,184
6A07C40F4B2F1F52C9F76028ED301C8E,2033144,Quần kaki,515
6A07C40F4B2F1F52C9F76028ED301C8E,2844328,Quần kaki,34
6BFD095CB25CD215B3FA2AAB3F12683F,593261,Giày bốt nữ,72
6BFD095CB25CD215B3FA2AAB3F12683F,599481,Giày bánh mì,47
6BFD095CB25CD215B3FA2AAB3F12683F,906112,Giày bánh mì,21
6BFD095CB25CD215B3FA2AAB3F12683F,1313388,Giày cao gót,166
6BFD095CB25CD215B3FA2AAB3F12683F,2905766,Giày Oxford nữ,71
6D090811B53E27B45013A28269CE152D,2836000,Trang sức,1086
6E1592B074EEB197D3D98B9A0276E193,2880273,Giày thể thao nữ,37
6E1592B074EEB197D3D98B9A0276E193,2880835,Giày thể thao nữ,10
6E1592B074EEB197D3D98B9A0276E193,2881016,Giày thể thao nam,4
6E1592B074EEB197D3D98B9A0276E193,2900263,"Quần thể thao, tập gym",20
6E1592B074EEB197D3D98B9A0276E193,2926262,"Dép quai ngang, chéo nam",5
6E1592B074EEB197D3D98B9A0276E193,2937467,Giày thể thao nam,13
6E1592B074EEB197D3D98B9A0276E193,2937467,Giày thể thao nam,3
6E368237264085A3D1A5ED3C794400B0,1837036,Đầm ôm,43
6E368237264085A3D1A5ED3C794400B0,2035441,Đầm dạ hội,102
6E368237264085A3D1A5ED3C794400B0,2202049,Áo thun có tay,258
6E368237264085A3D1A5ED3C794400B0,2812395,Đầm ôm,19
6E368237264085A3D1A5ED3C794400B0,2859531,Đầm ôm,34
6E368237264085A3D1A5ED3C794400B0,2907015,Đầm ôm,18
71A6E2D1B75964869FBC984D94C718B8,1115262,Đầm ôm,7262
71A6E2D1B75964869FBC984D94C718B8,2196626,Balo khác,63
71A6E2D1B75964869FBC984D94C718B8,2196626,Balo khác,3
71A6E2D1B75964869FBC984D94C718B8,2196626,Balo khác,3
71A6E2D1B75964869FBC984D94C718B8,2196626,Balo khác,106
72950DA8874537106A99F7A2B6EC5197,2184007,Son thỏi,122
72950DA8874537106A99F7A2B6EC5197,2184739,Son thỏi,56
72950DA8874537106A99F7A2B6EC5197,2253773,Son thỏi,5
72950DA8874537106A99F7A2B6EC5197,2583514,Son thỏi,96
72950DA8874537106A99F7A2B6EC5197,2741601,Son thỏi,258
72950DA8874537106A99F7A2B6EC5197,2835115,Son thỏi,87
72950DA8874537106A99F7A2B6EC5197,2857868,Son thỏi,33
72950DA8874537106A99F7A2B6EC5197,2857868,Son thỏi,45
72950DA8874537106A99F7A2B6EC5197,2885523,Son thỏi,110
72950DA8874537106A99F7A2B6EC5197,2885523,Son thỏi,17
72950DA8874537106A99F7A2B6EC5197,2885523,Son thỏi,34
72950DA8874537106A99F7A2B6EC5197,2920796,Son tint,33
7334B65E122F62C58DFFDE9B42BE2040,1458334,Quần lót,33
7334B65E122F62C58DFFDE9B42BE2040,1458365,Quần lót,21
7334B65E122F62C58DFFDE9B42BE2040,2639166,Quần lót,28
7334B65E122F62C58DFFDE9B42BE2040,2639243,Quần lót,24
7334B65E122F62C58DFFDE9B42BE2040,2639284,Quần lót,17
7334B65E122F62C58DFFDE9B42BE2040,2639420,Quần lót,27
7334B65E122F62C58DFFDE9B42BE2040,2780454,Quần lót,33
7334B65E122F62C58DFFDE9B42BE2040,2893182,Váy ngủ,154
7334B65E122F62C58DFFDE9B42BE2040,2906543,Quần lót,27
7334B65E122F62C58DFFDE9B42BE2040,2930956,Quần lót,93
7365D3FD58B0266FE912FD2C25A63024,2868835,Mô hình nhân vật,23
7365D3FD58B0266FE912FD2C25A63024,2892447,Mô hình nhân vật,20
75CA34BFA87A9798ED4A8D78253B88DD,2352241,Đầm ôm,7
75CA34BFA87A9798ED4A8D78253B88DD,2352356,Đầm ôm,9
75CA34BFA87A9798ED4A8D78253B88DD,2352926,Đầm ôm,10
75CA34BFA87A9798ED4A8D78253B88DD,2353001,Đầm ôm,112
75CA34BFA87A9798ED4A8D78253B88DD,2355492,Đầm ôm,12
75CA34BFA87A9798ED4A8D78253B88DD,2355737,Đầm ôm,7
75CA34BFA87A9798ED4A8D78253B88DD,2362566,Đầm ôm,6
75CA34BFA87A9798ED4A8D78253B88DD,2362627,Đầm ôm,6
75CA34BFA87A9798ED4A8D78253B88DD,2363001,Đầm ôm,9
75CA34BFA87A9798ED4A8D78253B88DD,2399080,Đầm ôm,10
75CA34BFA87A9798ED4A8D78253B88DD,2621251,Đầm ôm,22
75CA34BFA87A9798ED4A8D78253B88DD,2621400,Đầm ôm,11
75CA34BFA87A9798ED4A8D78253B88DD,2621475,Đầm ôm,17
75CA34BFA87A9798ED4A8D78253B88DD,2622566,Đầm ôm,24
75CA34BFA87A9798ED4A8D78253B88DD,2622570,Đầm ôm,9
75CA34BFA87A9798ED4A8D78253B88DD,2622585,Đầm ôm,21
75CA34BFA87A9798ED4A8D78253B88DD,2622595,Đầm ôm,14
75CA34BFA87A9798ED4A8D78253B88DD,2824669,Áo kiểu,41
75CA34BFA87A9798ED4A8D78253B88DD,2824669,Áo kiểu,90
7627CEB78B2AEBD33D22E8F317242630,1829165,Đồng hồ kim,13
7627CEB78B2AEBD33D22E8F317242630,1829165,Đồng hồ kim,6
77B05CCBDC795B81149690A80ACE2814,2456942,Áo kiểu,116
784CD05C70386CFC29B25E9078C1034C,2008207,Đèn pin,5
784CD05C70386CFC29B25E9078C1034C,2068647,Đèn pin,2
7862F5071A3A3C296D73F39E35D4EBB3,2688724,Áo khoác chống nắng,114
7862F5071A3A3C296D73F39E35D4EBB3,2740079,Giày thể thao nam,206
7862F5071A3A3C296D73F39E35D4EBB3,2868770,Mô hình nhân vật,215
7862F5071A3A3C296D73F39E35D4EBB3,2889654,Giày thể thao nam,185
7862F5071A3A3C296D73F39E35D4EBB3,2917792,Giày thể thao nam,82
7862F5071A3A3C296D73F39E35D4EBB3,2917792,Giày thể thao nam,58
7862F5071A3A3C296D73F39E35D4EBB3,2930744,Giày thể thao nam,55
7862F5071A3A3C296D73F39E35D4EBB3,2936797,Giày thể thao nam,116
7A0847C8B163DC986DEABD2B41C3ED95,1301585,"Máy và khuôn, khay làm bánh",203
7A185E133C929575468EA7753FC69CD2,2212248,"Cáp sạc, cáp truyền dữ liệu",16
7A185E133C929575468EA7753FC69CD2,2713964,"Cáp sạc, cáp truyền dữ liệu",111
7A185E133C929575468EA7753FC69CD2,2713967,"Cáp sạc, cáp truyền dữ liệu",16
7A185E133C929575468EA7753FC69CD2,2832454,"Cáp sạc, cáp truyền dữ liệu",28
7A185E133C929575468EA7753FC69CD2,2832454,"Cáp sạc, cáp truyền dữ liệu",23
7A185E133C929575468EA7753FC69CD2,2832454,"Cáp sạc, cáp truyền dữ liệu",1192
7A185E133C929575468EA7753FC69CD2,2832457,"Cáp sạc, cáp truyền dữ liệu",19
7A185E133C929575468EA7753FC69CD2,2867209,"Cáp sạc, cáp truyền dữ liệu",179
7A284E0A1DD37F11404299FDC8FEA209,2831690,"Ví, bóp tiền nam",64
7B8E76EF90E0E9FBC12B9177E8359706,1017754,Áo khoác thể thao,17
7B8E76EF90E0E9FBC12B9177E8359706,1106305,Áo thun không cổ,33
7B8E76EF90E0E9FBC12B9177E8359706,2506778,Áo khoác thể thao,33
7B8E76EF90E0E9FBC12B9177E8359706,2578190,Áo khoác có mũ,11
7B8E76EF90E0E9FBC12B9177E8359706,2688724,Áo khoác chống nắng,24
7B8E76EF90E0E9FBC12B9177E8359706,2788444,Áo khoác thể thao,130
7B8E76EF90E0E9FBC12B9177E8359706,2822709,Áo khoác chống nắng,17
7B8E76EF90E0E9FBC12B9177E8359706,2852159,"Áo khoác len, cardigan",17
7B8E76EF90E0E9FBC12B9177E8359706,2870411,Áo khoác chống nắng,57
7B8E76EF90E0E9FBC12B9177E8359706,2871658,Áo khoác chống nắng,37
7B8E76EF90E0E9FBC12B9177E8359706,2886839,Áo thun không cổ,104
7B8E76EF90E0E9FBC12B9177E8359706,2888707,Áo khoác chống nắng,19
7B8E76EF90E0E9FBC12B9177E8359706,2935283,Áo khoác khác,57
7BB48F67DB7EF35F7D0FFBF9CDD7445B,2937257,Đồng hồ kim,14
7BB48F67DB7EF35F7D0FFBF9CDD7445B,2937324,Đồng hồ kim,63
7BFFC268EB789EDC46AA1CA37118102C,1901683,Áo polo có cổ,174
7BFFC268EB789EDC46AA1CA37118102C,2221818,Áo khoác thể thao,16
7C83639E44D47EC7A60D984B794BCDA2,2823039,Áo khoác chống nắng,31
7C83639E44D47EC7A60D984B794BCDA2,2823039,Áo khoác chống nắng,4
7C83639E44D47EC7A60D984B794BCDA2,2823039,Áo khoác chống nắng,3
7C83639E44D47EC7A60D984B794BCDA2,2900120,Áo khoác chống nắng,45
7C83639E44D47EC7A60D984B794BCDA2,2900120,Áo khoác chống nắng,63
7C9C799BD6B58D035E4242D6D999E4DD,1131325,Mắt kính,231
7C9C799BD6B58D035E4242D6D999E4DD,2154766,Mắt kính,2
7C9C799BD6B58D035E4242D6D999E4DD,2199199,Mắt kính,99
7C9C799BD6B58D035E4242D6D999E4DD,2908945,Mắt kính,60
7C9C799BD6B58D035E4242D6D999E4DD,2912477,Mắt kính,9
7D138802F08A25657A7EE7AF19652D13,2475384,Đồng hồ đôi,178
7D138802F08A25657A7EE7AF19652D13,2538361,Đồng hồ đôi,3
7D138802F08A25657A7EE7AF19652D13,2742317,Đồng hồ đôi,29
7D138802F08A25657A7EE7AF19652D13,2743600,Đồng hồ đôi,138
7D138802F08A25657A7EE7AF19652D13,2836927,Đồng hồ đôi,133
7DF51A569F88A01482234749AE024669,2647999,Giày tăng chiều cao,85
7DF51A569F88A01482234749AE024669,2647999,Giày tăng chiều cao,6
7DF51A569F88A01482234749AE024669,2647999,Giày tăng chiều cao,15
7F072ED50381A93C1B6FBCFD0A921F82,2357265,Đầm,188
7F072ED50381A93C1B6FBCFD0A921F82,2849946,Đầm,32
7FBB4EF773EED18CA8A782D50D4A012C,2519607,Đầm dạ hội,1710
8030C1D2E975B030D16CCC90B2FF5DAE,2829872,Son thỏi,19
8157DA6F202EB17BD6A453492FC21E90,2793265,Đồng hồ kim,63
8157DA6F202EB17BD6A453492FC21E90,2912837,Đồng hồ kim,250
81D16109D5469737739A1FECEF5B6756,782934,Dụng cụ làm đẹp,3139
81D16109D5469737739A1FECEF5B6756,1429403,"Miếng dán tan mỡ, đai nịt bụng",168
81D16109D5469737739A1FECEF5B6756,1429403,"Miếng dán tan mỡ, đai nịt bụng",633
81D16109D5469737739A1FECEF5B6756,2752423,"Miếng dán tan mỡ, đai nịt bụng",57
83836D74EE4CEE324510B5B21757D10B,1421663,Đồng hồ thời trang,16
83836D74EE4CEE324510B5B21757D10B,1965741,Áo vest,39
83836D74EE4CEE324510B5B21757D10B,2314740,Đồng hồ thời trang,68
83836D74EE4CEE324510B5B21757D10B,2866836,Đồng hồ thời trang,7
84321CE472D9C20F6DE02786205BE8B8,2823454,Đồng hồ kim,70
84BBBFC82396660B999C9A3B2BD177AE,2795913,Lens chụp hình,3
8798B2FDC8DBAE3A1CF5ADD38C4E2546,2445868,"Áo khoác dạ, măng tô, áo choàng",233
87AEBF906E85208320A142D039DE7C9A,2429165,Son thỏi,80
87AEBF906E85208320A142D039DE7C9A,2552937,Son thỏi,719
88E8F483727F619F5C7833D06DEE05BE,2352546,"Giày lười, giày mọi nam",12
88E8F483727F619F5C7833D06DEE05BE,2856956,"Giày lười, giày mọi nam",32
890CBA7797A9F7C3FE822C4A6724E966,1960255,Bikini,33
890CBA7797A9F7C3FE822C4A6724E966,1960255,Bikini,6
890CBA7797A9F7C3FE822C4A6724E966,1960265,Bikini,12
890CBA7797A9F7C3FE822C4A6724E966,1960265,Bikini,2
890CBA7797A9F7C3FE822C4A6724E966,2178654,Quần lót,16
890CBA7797A9F7C3FE822C4A6724E966,2499084,Đồng hồ kim,64
890CBA7797A9F7C3FE822C4A6724E966,2499099,Đồng hồ kim,296
890CBA7797A9F7C3FE822C4A6724E966,2605447,Đồng hồ kim,330
890CBA7797A9F7C3FE822C4A6724E966,2607456,Đồng hồ kim,25
8A682E92099DAC244F6834D7DF998091,2866628,Áo khoác thể thao,28
8A682E92099DAC244F6834D7DF998091,2867008,Áo khoác thể thao,44
8A682E92099DAC244F6834D7DF998091,2871020,Áo khoác chống nắng,103
8ABBFE1BBADA0253B12B34D57BE917C4,2082656,Giày sneaker nam,21
8ABBFE1BBADA0253B12B34D57BE917C4,2342339,Giày sneaker nam,44
8ABBFE1BBADA0253B12B34D57BE917C4,2566107,Giày sneaker nam,75
8ABBFE1BBADA0253B12B34D57BE917C4,2566116,Giày sneaker nam,11
8ABBFE1BBADA0253B12B34D57BE917C4,2566136,Giày sneaker nam,14
8ABBFE1BBADA0253B12B34D57BE917C4,2620288,Giày sneaker nam,58
8ABBFE1BBADA0253B12B34D57BE917C4,2620288,Giày sneaker nam,9
8ABBFE1BBADA0253B12B34D57BE917C4,2709707,Giày sneaker nam,25
8ABBFE1BBADA0253B12B34D57BE917C4,2773010,Giày sneaker nam,50
8ABBFE1BBADA0253B12B34D57BE917C4,2781386,Giày sneaker nam,125
8ABBFE1BBADA0253B12B34D57BE917C4,2783690,Giày sneaker nam,37
8ABBFE1BBADA0253B12B34D57BE917C4,2792795,Giày sneaker nam,27
8ABBFE1BBADA0253B12B34D57BE917C4,2802356,Giày sneaker nam,164
8ABBFE1BBADA0253B12B34D57BE917C4,2856449,Giày sneaker nam,45
8ABBFE1BBADA0253B12B34D57BE917C4,2867092,Giày sneaker nam,143
8ABBFE1BBADA0253B12B34D57BE917C4,2893151,Giày sneaker nam,39
8ABBFE1BBADA0253B12B34D57BE917C4,2904751,Giày sneaker nam,236
8ABBFE1BBADA0253B12B34D57BE917C4,2905197,Giày sneaker nam,9
8ABBFE1BBADA0253B12B34D57BE917C4,2905197,Giày sneaker nam,89
8ABBFE1BBADA0253B12B34D57BE917C4,2906723,Giày sneaker nam,20
8ABBFE1BBADA0253B12B34D57BE917C4,2910525,Giày sneaker nam,41
8ADBABEEF6977D2193340FCEC86B6FDD,2117238,Sơ mi tay dài,11
8ADBABEEF6977D2193340FCEC86B6FDD,2130704,Sơ mi tay dài,38
8ADBABEEF6977D2193340FCEC86B6FDD,2462143,Sơ mi tay dài,479
8ADBABEEF6977D2193340FCEC86B6FDD,2887332,Sơ mi tay dài,23
8C5EB42815C880F11B7E7C494BFA84F7,2302880,Tất,26
8C5EB42815C880F11B7E7C494BFA84F7,2663297,Tất,48
8C5EB42815C880F11B7E7C494BFA84F7,2901668,Phụ kiện tóc,10
8C5EB42815C880F11B7E7C494BFA84F7,2915356,Tất,44
8DCD4825B6E3153776ADC50BE4792D02,1875457,Tóc giả nam,10
8DCD4825B6E3153776ADC50BE4792D02,2119416,Tóc giả nam,102
8DCD4825B6E3153776ADC50BE4792D02,2347473,Tóc giả nam,17
8DCD4825B6E3153776ADC50BE4792D02,2901791,Tóc giả nam,64
8DCD4825B6E3153776ADC50BE4792D02,2914070,Tóc giả nam,140
8DCD4825B6E3153776ADC50BE4792D02,2924290,Tóc giả nam,144
8DD48E759E7B7205070014E6D4EB3857,2616684,Tai nghe,402
8DD48E759E7B7205070014E6D4EB3857,2635900,Bàn phím,70
8DD48E759E7B7205070014E6D4EB3857,2682212,Bàn phím,62
8DD48E759E7B7205070014E6D4EB3857,2701992,Bàn phím,112
8DF48A2F08738D6785EA8E36681669DC,1960255,Bikini,28
8DF48A2F08738D6785EA8E36681669DC,1960255,Bikini,3
8DF48A2F08738D6785EA8E36681669DC,1960255,Bikini,22
8DF8C239EED6EA66903B92825C4528AC,1275154,"Ví, bóp tiền nữ",30
8DF8C239EED6EA66903B92825C4528AC,2374181,"Ví cầm tay, clutch nữ",47
8DF8C239EED6EA66903B92825C4528AC,2447435,"Ví, bóp tiền nữ",75
8DF8C239EED6EA66903B92825C4528AC,2562260,"Ví cầm tay, clutch nữ",44
8DF8C239EED6EA66903B92825C4528AC,2685967,"Ví, bóp tiền nữ",20
8DF8C239EED6EA66903B92825C4528AC,2704135,Túi xách tay nữ,70
8DF8C239EED6EA66903B92825C4528AC,2835182,"Ví cầm tay, clutch nữ",49
8DF8C239EED6EA66903B92825C4528AC,2923770,"Ví, bóp tiền nữ",36
8F05EA4ED25026199BECF4980ADA55F0,1396573,Váy xếp ly,484
8F05EA4ED25026199BECF4980ADA55F0,1460639,Váy ngắn,8
922F161131DF1B0061DAE17F6CE2AA92,2628315,Bikini,18
92B31619879BBB09B088BC78AA8CF524,1142708,Bikini,15
92B31619879BBB09B088BC78AA8CF524,2178705,Quần lót,7
92B31619879BBB09B088BC78AA8CF524,2183553,Quần lót,11
92B31619879BBB09B088BC78AA8CF524,2183553,Quần lót,42
92B31619879BBB09B088BC78AA8CF524,2183553,Quần lót,37
92B31619879BBB09B088BC78AA8CF524,2251478,Quần lót,40
92B31619879BBB09B088BC78AA8CF524,2251478,Quần lót,10
92B31619879BBB09B088BC78AA8CF524,2291815,Quần lót,15
92B31619879BBB09B088BC78AA8CF524,2291815,Quần lót,22
92B31619879BBB09B088BC78AA8CF524,2291815,Quần lót,880
92B31619879BBB09B088BC78AA8CF524,2291815,Quần lót,533
92B31619879BBB09B088BC78AA8CF524,2371771,Bikini,33
92B31619879BBB09B088BC78AA8CF524,2769571,Bikini,429
92B31619879BBB09B088BC78AA8CF524,2773355,"Pyjama, đồ ngủ",19
92EBA0D666C76B9A7CE0CB9BCDC31B68,1995569,Máy massage và giảm béo,193
92EBA0D666C76B9A7CE0CB9BCDC31B68,2781132,Bộ dụng cụ đa năng,90
92EBA0D666C76B9A7CE0CB9BCDC31B68,2936533,Máy massage và giảm béo,214
93FA5AAC925DE7148FFB8E9145AC7749,1107189,"Giày lười, giày mọi nam",27
93FA5AAC925DE7148FFB8E9145AC7749,1331342,Đồng hồ lộ máy,71
93FA5AAC925DE7148FFB8E9145AC7749,2559931,Đồng hồ lộ máy,44
94B51A56FBF8A857A40528F87B9017F4,1984717,Đầm suông,9
94B51A56FBF8A857A40528F87B9017F4,2921815,Gel tạo kiểu tóc,7
94B51A56FBF8A857A40528F87B9017F4,2921815,Gel tạo kiểu tóc,1738
954EC9F6051BFA2041B33D3FF53B908C,841577,Quần shorts kaki,52
954EC9F6051BFA2041B33D3FF53B908C,841577,Quần shorts kaki,274
954EC9F6051BFA2041B33D3FF53B908C,2642356,"Dép quai ngang, chéo nam",951
954EC9F6051BFA2041B33D3FF53B908C,2879349,Quần shorts kaki,69
954EC9F6051BFA2041B33D3FF53B908C,2879349,Quần shorts kaki,42
954EC9F6051BFA2041B33D3FF53B908C,2879349,Quần shorts kaki,124
95CDC6C75606457BA3DE28282A1D47A7,1148061,Quần jeans ống côn skinny,2
95CDC6C75606457BA3DE28282A1D47A7,1148061,Quần jeans ống côn skinny,94
95CDC6C75606457BA3DE28282A1D47A7,1148061,Quần jeans ống côn skinny,2
96340834D310B8939BB19A73DF2502DC,1231378,Quần ngắn,36
96340834D310B8939BB19A73DF2502DC,1969369,Quần ngắn,32
96340834D310B8939BB19A73DF2502DC,2075682,Áo khoác cách điệu,53
96340834D310B8939BB19A73DF2502DC,2538665,"Áo khoác dạ, măng tô, áo choàng",6
96340834D310B8939BB19A73DF2502DC,2713387,Áo khoác cách điệu,349
96340834D310B8939BB19A73DF2502DC,2739995,Quần ngắn,65
96340834D310B8939BB19A73DF2502DC,2772014,Áo khoác cách điệu,538
96340834D310B8939BB19A73DF2502DC,2880506,Quần ngắn,167
96340834D310B8939BB19A73DF2502DC,2880506,Quần ngắn,27
96340834D310B8939BB19A73DF2502DC,2880516,Quần ngắn,10
96AC5811CAB267D48541E8F2E0472AE4,2178617,Quần lót,44
970A41F39FEBCEEC3247AFF79EB008E2,2342421,Váy ngủ,93
970A41F39FEBCEEC3247AFF79EB008E2,2342421,Váy ngủ,53
970A41F39FEBCEEC3247AFF79EB008E2,2342421,Váy ngủ,38
970A41F39FEBCEEC3247AFF79EB008E2,2342421,Váy ngủ,16
970A41F39FEBCEEC3247AFF79EB008E2,2342446,Váy ngủ,18
970A41F39FEBCEEC3247AFF79EB008E2,2342446,Váy ngủ,22
970A41F39FEBCEEC3247AFF79EB008E2,2342446,Váy ngủ,44
9781B8E14E152B90AEB7AD684F8B1104,2896514,Sơ mi tay dài,1
9781D41CAB41184BC5D9BEE189C405D8,2245705,Đầm ôm,87
97F7CE5DEF80433F3C7888706F4D4C23,2542546,Quần jeans ống côn skinny,36
97F7CE5DEF80433F3C7888706F4D4C23,2600650,Quần jeans ống côn skinny,26
98DDD12C3E37B2431B2C7CA850117CE1,1943649,Quạt hơi nước,142
98DDD12C3E37B2431B2C7CA850117CE1,1943649,Quạt hơi nước,3
98DDD12C3E37B2431B2C7CA850117CE1,1943674,Quạt hơi nước,29
98DDD12C3E37B2431B2C7CA850117CE1,2438848,Quạt đứng,58
98DDD12C3E37B2431B2C7CA850117CE1,2438848,Quạt đứng,4
98DDD12C3E37B2431B2C7CA850117CE1,2674979,Quạt hơi nước,20
98DDD12C3E37B2431B2C7CA850117CE1,2674979,Quạt hơi nước,21
98DDD12C3E37B2431B2C7CA850117CE1,2741065,Quạt hơi nước,390
98DDD12C3E37B2431B2C7CA850117CE1,2741065,Quạt hơi nước,56
98DDD12C3E37B2431B2C7CA850117CE1,2741065,Quạt hơi nước,9
98DDD12C3E37B2431B2C7CA850117CE1,2741065,Quạt hơi nước,26
98DDD12C3E37B2431B2C7CA850117CE1,2741065,Quạt hơi nước,182
98DDD12C3E37B2431B2C7CA850117CE1,2741065,Quạt hơi nước,113
98DDD12C3E37B2431B2C7CA850117CE1,2764172,Quạt hơi nước,254
98DDD12C3E37B2431B2C7CA850117CE1,2764369,Quạt hơi nước,252
98DDD12C3E37B2431B2C7CA850117CE1,2869505,Quạt hơi nước,69
9992850912E7B3DFDBC0CEE9E01EC035,2200658,Bộ mỹ phẩm chăm sóc da,1016
9992850912E7B3DFDBC0CEE9E01EC035,2421476,Áo sơ mi công sở,75
9992850912E7B3DFDBC0CEE9E01EC035,2908150,Áo sơ mi công sở,975
9C1CC42B4FEF288C75C2831C090FCD8C,2186844,Áo khoác chống nắng,505
9C1CC42B4FEF288C75C2831C090FCD8C,2807971,Sơ mi tay dài,19
9E09483E437EF22D61C958A9009FDBAD,2936945,Quần lót,2
9E96E10E37180AE61FD556A150A9DF9A,2283994,Áo đôi,1454
9E96E10E37180AE61FD556A150A9DF9A,2930744,Giày thể thao nam,2251
9F810441E8AC58A381AEBE9E7A256D81,2105239,Quần lót,68
9F810441E8AC58A381AEBE9E7A256D81,2232047,Sơ mi tay dài,405
9F810441E8AC58A381AEBE9E7A256D81,2576465,Sơ mi tay dài,87
9F810441E8AC58A381AEBE9E7A256D81,2800913,Quần jeans ống côn skinny,687
9F810441E8AC58A381AEBE9E7A256D81,2812109,Sơ mi tay dài,149
9F810441E8AC58A381AEBE9E7A256D81,2859475,Máy nghe nhạc,64
9F810441E8AC58A381AEBE9E7A256D81,2893282,Sơ mi tay dài,189
9F810441E8AC58A381AEBE9E7A256D81,2904392,Sơ mi tay dài,213
9F90BFAEAECAEB6F35D3FD459DCD343C,2901051,Giày thể thao nam,42
9F90BFAEAECAEB6F35D3FD459DCD343C,2902133,Giày thể thao nam,65
9F90BFAEAECAEB6F35D3FD459DCD343C,2936147,Giày thể thao nam,63
A1136AB6D43A75C5DE4D5CC7ECB1830E,1094523,Bánh ăn dặm,29
A1136AB6D43A75C5DE4D5CC7ECB1830E,1094523,Bánh ăn dặm,26
A1136AB6D43A75C5DE4D5CC7ECB1830E,2657697,Bánh ăn dặm,46
A1136AB6D43A75C5DE4D5CC7ECB1830E,2657697,Bánh ăn dặm,11
A1F94B5D32718D768FE31676C1BDAE99,2932482,Quần kaki,2452
A24D94264443E1C1E313EFE502E58F44,1851418,Áo đôi,50
A24D94264443E1C1E313EFE502E58F44,2283994,Áo đôi,163
A2A67AC88F25EC70698F1BB09D50A07F,1062243,Jumpsuit,92
A2A67AC88F25EC70698F1BB09D50A07F,1062243,Jumpsuit,24
A2A67AC88F25EC70698F1BB09D50A07F,1837339,Jumpsuit,42
A2A67AC88F25EC70698F1BB09D50A07F,2191566,Áo và quần dài,23
A2A67AC88F25EC70698F1BB09D50A07F,2277461,Jumpsuit,21
A2A67AC88F25EC70698F1BB09D50A07F,2393429,Áo và quần dài,104
A2A67AC88F25EC70698F1BB09D50A07F,2909104,Áo và quần dài,19
A2A67AC88F25EC70698F1BB09D50A07F,2937031,Áo và quần dài,46
A2F40EBE60E7DD66778BAAD2F9842DE8,2440475,Đồng hồ kim,205
A2F40EBE60E7DD66778BAAD2F9842DE8,2445022,Đồng hồ kim,58
A2F40EBE60E7DD66778BAAD2F9842DE8,2445022,Đồng hồ kim,89
A2F40EBE60E7DD66778BAAD2F9842DE8,2633452,Đồng hồ kim,59
A2F40EBE60E7DD66778BAAD2F9842DE8,2776098,Đồng hồ kim,42
A39BDF5E41F9C58E639026FFA3DBA93B,2924282,Đầm dạ hội,1672
A3BDB9BFA1E2745FD44BF90B64A41D6D,2145585,"Cáp kết nối, cáp truyền dữ liệu",126
A418F95CB0BA7DC4986450B4A31D0332,2603198,Giày sneaker nam,1581
A4FECB48B42FC1D0577582A4DFDC5150,919236,"Cáp kết nối, cáp truyền dữ liệu",24
A4FECB48B42FC1D0577582A4DFDC5150,2765303,"Cáp kết nối, cáp truyền dữ liệu",119
A4FECB48B42FC1D0577582A4DFDC5150,2886216,"Cáp kết nối, cáp truyền dữ liệu",129
A659B1FD33FE217C2FAB654681CE2C91,1858102,Quần lót,42
A65C80F9C171C5EDF4AB9EED446EC740,2475624,Quần jeans ống côn skinny,15
A65C80F9C171C5EDF4AB9EED446EC740,2533772,Áo thun dài tay,94
A65C80F9C171C5EDF4AB9EED446EC740,2535717,Quần jeans ống côn skinny,53
A65C80F9C171C5EDF4AB9EED446EC740,2699680,Quần jeans ống côn skinny,12
A65C80F9C171C5EDF4AB9EED446EC740,2747345,Quần jeans ống suông,14
A65C80F9C171C5EDF4AB9EED446EC740,2856512,Quần jeans ống côn skinny,15
A65C80F9C171C5EDF4AB9EED446EC740,2862197,Áo thun dài tay,39
A65C80F9C171C5EDF4AB9EED446EC740,2871331,Quần jeans ống suông,93
A65C80F9C171C5EDF4AB9EED446EC740,2902092,Quần jeans ống suông,9
A65C80F9C171C5EDF4AB9EED446EC740,2921324,Quần jeans ống côn skinny,15
A65C80F9C171C5EDF4AB9EED446EC740,2922920,Quần jeans ống côn skinny,8
A65C80F9C171C5EDF4AB9EED446EC740,2924218,Quần jeans ống côn skinny,11
A65C80F9C171C5EDF4AB9EED446EC740,2924274,Quần jeans ống côn skinny,20
A65C80F9C171C5EDF4AB9EED446EC740,2926809,Áo thun dài tay,40
A71B89857E1D771F2ACA46BCEA63C2F6,2805489,Quần yếm,229
A759181A9838A0E231415B54C99838E0,1116354,Nước hoa nam,41
A79A425BD51A28A89DAD703E7CDDAFC5,683505,Tai nghe,87
A79A425BD51A28A89DAD703E7CDDAFC5,683545,Tai nghe,53
A79A425BD51A28A89DAD703E7CDDAFC5,706966,Tai nghe,24
A79A425BD51A28A89DAD703E7CDDAFC5,1911700,Tai nghe,134
A79A425BD51A28A89DAD703E7CDDAFC5,1913080,Tai nghe,5
A79A425BD51A28A89DAD703E7CDDAFC5,2264564,Tai nghe,99
A79A425BD51A28A89DAD703E7CDDAFC5,2266836,Tai nghe,85
A79A425BD51A28A89DAD703E7CDDAFC5,2269334,Tai nghe,19
A79A425BD51A28A89DAD703E7CDDAFC5,2548701,Tai nghe,419
A79A425BD51A28A89DAD703E7CDDAFC5,2656681,Tai nghe,146
A79A425BD51A28A89DAD703E7CDDAFC5,2844086,Tai nghe,4
A79A425BD51A28A89DAD703E7CDDAFC5,2852441,Tai nghe,1
A79A425BD51A28A89DAD703E7CDDAFC5,2852455,Tai nghe,76
A79A425BD51A28A89DAD703E7CDDAFC5,2852455,Tai nghe,22
A893A6FEFF9197D6D856BDEA8EA25292,2191157,Túi bảo vệ,82
A893A6FEFF9197D6D856BDEA8EA25292,2191157,Túi bảo vệ,50
A893A6FEFF9197D6D856BDEA8EA25292,2569539,"Case, bao da điện thoại di động",152
A893A6FEFF9197D6D856BDEA8EA25292,2664749,Túi bảo vệ,62
A893A6FEFF9197D6D856BDEA8EA25292,2799272,Túi bảo vệ,41
A89AC5B8DFB9CEE5B5B931264099437D,2467124,Đồ chơi đao kiếm,32
A89AC5B8DFB9CEE5B5B931264099437D,2467124,Đồ chơi đao kiếm,78
A89AC5B8DFB9CEE5B5B931264099437D,2824046,Vật phẩm,60
A89B0C65EC9960F30DD3CA040766BD99,2281605,Áo khoác chống nắng,86
A89B0C65EC9960F30DD3CA040766BD99,2451774,Áo khoác chống nắng,37
A89B0C65EC9960F30DD3CA040766BD99,2740991,Áo khoác chống nắng,14
A89B0C65EC9960F30DD3CA040766BD99,2884349,Áo khoác chống nắng,112
A89B0C65EC9960F30DD3CA040766BD99,2884358,Áo khoác chống nắng,63
A8C0D6742D102038F2A8063AFC8F8313,2545854,Đèn pin,41
A9CD177300ACE16545489873B2856DC9,1205337,Đầm suông,20
A9CD177300ACE16545489873B2856DC9,2076458,Đầm suông,17
AA05DB3968F3498EF9A6C2A861FE0530,2876148,Áo kiểu,18
AA9E66E91EFCBD5D18B37F6E27E79DF9,1969061,USB,196
AA9E66E91EFCBD5D18B37F6E27E79DF9,1987625,Chuột,60
AA9E66E91EFCBD5D18B37F6E27E79DF9,2337406,Phụ kiện khác,92
AA9E66E91EFCBD5D18B37F6E27E79DF9,2748324,Chuột,8
AA9E66E91EFCBD5D18B37F6E27E79DF9,2748324,Chuột,179
ABA2E5E2F70F01288C5D9283048E17AD,2632452,Giày sneaker nam,164
ABA2E5E2F70F01288C5D9283048E17AD,2739449,Giày thể thao nam,51
ABA2E5E2F70F01288C5D9283048E17AD,2800366,Giày thể thao nam,176
ABA2E5E2F70F01288C5D9283048E17AD,2893261,Giày thể thao nam,61
AC57B121EA231D90C2D8248D648AE9A0,2532426,"Bộ sạc pin, sạc đa năng",10
AC57B121EA231D90C2D8248D648AE9A0,2556562,"Bộ sạc pin, sạc đa năng",14
AC57B121EA231D90C2D8248D648AE9A0,2631548,"Bộ sạc pin, sạc đa năng",3
AC57B121EA231D90C2D8248D648AE9A0,2631548,"Bộ sạc pin, sạc đa năng",8
AC57B121EA231D90C2D8248D648AE9A0,2777724,Phụ kiện khác,331
AC57B121EA231D90C2D8248D648AE9A0,2777724,Phụ kiện khác,235
AC57B121EA231D90C2D8248D648AE9A0,2827187,"Bộ sạc pin, sạc đa năng",29
AC57B121EA231D90C2D8248D648AE9A0,2844683,"Bộ sạc pin, sạc đa năng",1
AC57B121EA231D90C2D8248D648AE9A0,2889896,"Bộ sạc pin, sạc đa năng",55
AC57B121EA231D90C2D8248D648AE9A0,2899798,"Bộ sạc pin, sạc đa năng",19
AC57B121EA231D90C2D8248D648AE9A0,2899904,"Bộ sạc pin, sạc đa năng",1
AC57B121EA231D90C2D8248D648AE9A0,2899995,"Bộ sạc pin, sạc đa năng",88
AC57B121EA231D90C2D8248D648AE9A0,2903055,"Bộ sạc pin, sạc đa năng",12
AC57B121EA231D90C2D8248D648AE9A0,2913627,"Bộ sạc pin, sạc đa năng",645
AD4C9E745381558CD20E382DE0C48301,915806,Áo khoác thể thao,58
AD4C9E745381558CD20E382DE0C48301,919771,Áo khoác có mũ,27
AD4C9E745381558CD20E382DE0C48301,1096339,Áo khoác thể thao,34
AD4C9E745381558CD20E382DE0C48301,1921108,Áo khoác thể thao,32
AD4C9E745381558CD20E382DE0C48301,2466842,Áo khoác có mũ,30
AD4C9E745381558CD20E382DE0C48301,2483793,Áo khoác thể thao,28
AD4C9E745381558CD20E382DE0C48301,2527669,Áo khoác có mũ,3
AD4C9E745381558CD20E382DE0C48301,2527677,Áo khoác có mũ,44
AD4C9E745381558CD20E382DE0C48301,2531801,Áo khoác có mũ,19
AD4C9E745381558CD20E382DE0C48301,2597070,Áo khoác có mũ,177
AD4C9E745381558CD20E382DE0C48301,2597070,Áo khoác có mũ,178
AD4C9E745381558CD20E382DE0C48301,2597070,Áo khoác có mũ,35
AD4C9E745381558CD20E382DE0C48301,2602359,Áo khoác có mũ,98
AD4C9E745381558CD20E382DE0C48301,2602359,Áo khoác có mũ,20
AD4C9E745381558CD20E382DE0C48301,2626822,Áo khoác thể thao,31
AD4C9E745381558CD20E382DE0C48301,2710115,Áo khoác thể thao,32
AD4C9E745381558CD20E382DE0C48301,2710144,Áo khoác thể thao,72
AD4C9E745381558CD20E382DE0C48301,2710144,Áo khoác thể thao,266
AD4C9E745381558CD20E382DE0C48301,2710144,Áo khoác thể thao,139
AD4C9E745381558CD20E382DE0C48301,2710160,Áo khoác thể thao,14
AD4C9E745381558CD20E382DE0C48301,2710238,Áo khoác thể thao,58
AD4C9E745381558CD20E382DE0C48301,2710238,Áo khoác thể thao,16
AD4C9E745381558CD20E382DE0C48301,2751899,Áo khoác thể thao,165
AD4C9E745381558CD20E382DE0C48301,2751899,Áo khoác thể thao,311
AD4C9E745381558CD20E382DE0C48301,2751899,Áo khoác thể thao,15
AD4C9E745381558CD20E382DE0C48301,2755400,Áo khoác có mũ,74
AD4C9E745381558CD20E382DE0C48301,2774442,Áo khoác có mũ,94
AD4C9E745381558CD20E382DE0C48301,2781927,Áo khoác thể thao,35
AD4C9E745381558CD20E382DE0C48301,2782369,Áo khoác thể thao,86
AD4C9E745381558CD20E382DE0C48301,2798139,Áo khoác có mũ,23
AD4C9E745381558CD20E382DE0C48301,2815764,Áo khoác thể thao,32
AD4C9E745381558CD20E382DE0C48301,2815764,Áo khoác thể thao,9
AD4C9E745381558CD20E382DE0C48301,2828012,Áo khoác có mũ,30
AD4C9E745381558CD20E382DE0C48301,2847025,Áo khoác thể thao,26
AD4C9E745381558CD20E382DE0C48301,2879137,Áo khoác có mũ,33
AD4C9E745381558CD20E382DE0C48301,2884059,Áo khoác có mũ,82
AD4C9E745381558CD20E382DE0C48301,2884059,Áo khoác có mũ,40
AD4C9E745381558CD20E382DE0C48301,2889503,Áo khoác có mũ,22
AD4C9E745381558CD20E382DE0C48301,2902234,Áo khoác có mũ,60
AD4C9E745381558CD20E382DE0C48301,2931758,Áo khoác có mũ,25
AE2D333D73360A372A19A7EFDB203C44,1351362,"Thiết bị nhà bếp, chế biến khác",52
AE2D333D73360A372A19A7EFDB203C44,2686820,Dụng cụ nhà bếp khác,20
AEB5806493168E47FD24294B39B61406,2495616,Bộ dụng cụ đa năng,33
AEB5806493168E47FD24294B39B61406,2616547,"Leo núi, cắm trại",68
AEB5806493168E47FD24294B39B61406,2921111,"Leo núi, cắm trại",52
AEB5806493168E47FD24294B39B61406,2921111,"Leo núi, cắm trại",16
AEE94121B094B58127211DE74F25A64F,2740056,Đầm dạ hội,57
AF21605D255287BC7839CB28240B097B,1444367,Áo sơ mi công sở,246
AF21605D255287BC7839CB28240B097B,1895526,Áo và chân váy,157
AF21605D255287BC7839CB28240B097B,2209968,Áo sơ mi công sở,3
AF21605D255287BC7839CB28240B097B,2468228,Áo sơ mi công sở,3
AF21605D255287BC7839CB28240B097B,2573444,Áo sơ mi công sở,10
AF21605D255287BC7839CB28240B097B,2740843,Áo sơ mi công sở,368
AFFFC39E2DC9009DE4BF25BE95834607,2779956,Các loại đồ chơi vận động,58
B0463A0548E4CC5856D613F4A39B9BE4,2514152,Son tint,78
B1D51975399BB1B9CD85AF0C5095C406,2067120,Áo đôi,195
B1D51975399BB1B9CD85AF0C5095C406,2067120,Áo đôi,88
B1D51975399BB1B9CD85AF0C5095C406,2447788,Áo đôi,31
B1D51975399BB1B9CD85AF0C5095C406,2583987,Giày sneaker nam,210
B1D51975399BB1B9CD85AF0C5095C406,2861403,Áo đôi,71
B1D51975399BB1B9CD85AF0C5095C406,2917675,Áo đôi,34
B1D51975399BB1B9CD85AF0C5095C406,2921484,Áo đôi,68
B5210449B6F4B9A6B1DDE6C47CAF853F,2118102,Giày thể thao nam,31
B5210449B6F4B9A6B1DDE6C47CAF853F,2118102,Giày thể thao nam,25
B5210449B6F4B9A6B1DDE6C47CAF853F,2690575,Giày thể thao nam,20
B5210449B6F4B9A6B1DDE6C47CAF853F,2804784,"Giày lười, giày mọi nam",36
B5210449B6F4B9A6B1DDE6C47CAF853F,2818250,Giày thể thao nam,118
B5210449B6F4B9A6B1DDE6C47CAF853F,2818359,Giày thể thao nam,80
B5210449B6F4B9A6B1DDE6C47CAF853F,2877677,Giày thể thao nam,5
B5210449B6F4B9A6B1DDE6C47CAF853F,2906665,Giày thể thao nam,20
B5210449B6F4B9A6B1DDE6C47CAF853F,2924123,Giày thể thao nam,26
B5210449B6F4B9A6B1DDE6C47CAF853F,2926534,Giày thể thao nam,111
B5210449B6F4B9A6B1DDE6C47CAF853F,2930764,Giày thể thao nam,7
B5210449B6F4B9A6B1DDE6C47CAF853F,2934904,Giày thể thao nam,290
B56DCFE6E7E6530BC5370264E32C44A6,2495725,Váy xòe,20
B56DCFE6E7E6530BC5370264E32C44A6,2495725,Váy xòe,4902
B69C8E2014BF9337858BC7466091AADD,2899987,Giày thể thao nam,76
B69C8E2014BF9337858BC7466091AADD,2930788,Giày thể thao nam,79
B8F472D55632AA4C612AC53F27BD936D,2468228,Áo sơ mi công sở,78
BA1B772EB579D202EE39FAB6DB37854F,2787969,Quần jeans ống côn skinny,4
BA1B772EB579D202EE39FAB6DB37854F,2787969,Quần jeans ống côn skinny,17
BA4483C7AC366E627040D967D45957CD,2506070,Xe đạp địa hình,122
BA4483C7AC366E627040D967D45957CD,2813327,Xe đạp đường trường,86
BACFF959E6E4D327AE0C81A93099919E,2189819,Quần thời trang,77
BC9A49EFFAECBE577D1F93A949B5168D,1864210,Đầm maxi,17
BC9A49EFFAECBE577D1F93A949B5168D,2107191,Áo kiểu,9
BC9A49EFFAECBE577D1F93A949B5168D,2145945,Đầm xòe,7
BC9A49EFFAECBE577D1F93A949B5168D,2587889,Áo kiểu,23
BCF02F092B3BF9F0DDA2568C44A979F1,1050464,Túi đeo chéo nam,273
BCF02F092B3BF9F0DDA2568C44A979F1,1432356,Balo nam,27
BCF02F092B3BF9F0DDA2568C44A979F1,1950009,Balo nam,26
BCF02F092B3BF9F0DDA2568C44A979F1,2086353,Túi đeo chéo nam,576
BCF02F092B3BF9F0DDA2568C44A979F1,2171911,Túi đeo chéo nam,11
BCF02F092B3BF9F0DDA2568C44A979F1,2225969,Túi đeo chéo nam,292
BCF02F092B3BF9F0DDA2568C44A979F1,2373435,Balo nam,40
BCF02F092B3BF9F0DDA2568C44A979F1,2790864,"Pyjama, đồ ngủ",3683
BCF02F092B3BF9F0DDA2568C44A979F1,2846000,Túi đeo chéo nam,67
BCFF7428655CC1C5F376F85D9CD95939,1147721,Bật lửa,42
BCFF7428655CC1C5F376F85D9CD95939,1983209,Bật lửa,35
BD8247FA7BFB249574657B840939A962,2582214,Bikini,3991
BD8DA9C53CBAE1CD781F396BE2180D8D,1857982,Quần lót,2
BD8DA9C53CBAE1CD781F396BE2180D8D,1857982,Quần lót,33
BD8DA9C53CBAE1CD781F396BE2180D8D,2178705,Quần lót,2
BDEE6672E07175A27EF6AA3CFD1F9BF3,2690487,Giày sneaker nam,928
BDEE6672E07175A27EF6AA3CFD1F9BF3,2704173,Giày sneaker nam,92
BDEE6672E07175A27EF6AA3CFD1F9BF3,2869139,Giày sneaker nam,133
BE0E6CBD339D83D5EDDFEC5D78B235C4,1146005,Áo đôi,42
C42529E6DABB5BF7DDD6A86543BB6EB2,2182628,Quần lót,126
C42529E6DABB5BF7DDD6A86543BB6EB2,2842784,Quần lót,133
C42529E6DABB5BF7DDD6A86543BB6EB2,2842784,Quần lót,4
C42529E6DABB5BF7DDD6A86543BB6EB2,2863420,Quần lót,43
C42529E6DABB5BF7DDD6A86543BB6EB2,2863420,Quần lót,4
C42529E6DABB5BF7DDD6A86543BB6EB2,2879242,Quần lót,125
C42529E6DABB5BF7DDD6A86543BB6EB2,2879242,Quần lót,30
C537B039081F9EFA4CE2AFE5E7263694,947761,Tẩy trang,13
C6E381994BFC2602C51A760ADBCECDF9,2512368,Mặt nạ,2
C70C89CD2806F5F034B12B05364B4BD8,2828012,Áo khoác có mũ,391
C8BFABB5F293BC9890124E192FBFC898,1195418,Đồ lót bộ,21
C8BFABB5F293BC9890124E192FBFC898,1979022,Đồ lót bộ,21
C8BFABB5F293BC9890124E192FBFC898,2146364,Đồ lót bộ,72
CA6F61984582254D1B64FBC35DE9FC85,1999898,Quần lót,421
CC4E22F6880730F23F91502F3B5C4894,2907551,Đèn pin,30
CCAF8561C5691E1D65FA392050CBE92B,2616547,"Leo núi, cắm trại",325
CCCA91724C05ECD35716AE36B93310CB,2816920,Áo khoác thể thao,121
CCCA91724C05ECD35716AE36B93310CB,2844546,Áo khoác chống nắng,121
CD0324CAAE064A41B564B5078526094C,1202636,"Ví, bóp tiền nữ",33
CD0324CAAE064A41B564B5078526094C,1202639,"Ví, bóp tiền nữ",61
CD0324CAAE064A41B564B5078526094C,1202639,"Ví, bóp tiền nữ",99
CD0324CAAE064A41B564B5078526094C,1393133,"Ví, bóp tiền nữ",104
CD0324CAAE064A41B564B5078526094C,2450833,"Ví, bóp tiền nữ",86
CD0324CAAE064A41B564B5078526094C,2460803,Giày cao gót,51
CD0324CAAE064A41B564B5078526094C,2527805,"Ví, bóp tiền nữ",97
CD0324CAAE064A41B564B5078526094C,2585664,"Ví, bóp tiền nữ",186
CD0324CAAE064A41B564B5078526094C,2590301,"Ví, bóp tiền nữ",133
CD0324CAAE064A41B564B5078526094C,2624809,"Ví cầm tay, clutch nữ",37
CD0324CAAE064A41B564B5078526094C,2785580,"Ví, bóp tiền nữ",13
CD0324CAAE064A41B564B5078526094C,2805736,"Ví, bóp tiền nữ",17
CD0324CAAE064A41B564B5078526094C,2875992,"Ví cầm tay, clutch nữ",47
CD0324CAAE064A41B564B5078526094C,2898283,"Ví cầm tay, clutch nữ",67
CD83D28AC6B714C19030C8A1AC28BEDD,1470725,Thắt lưng,40
CD83D28AC6B714C19030C8A1AC28BEDD,2082656,Giày sneaker nam,990
CDC21CC988D14A8E92FA93B7B06A8B77,2349592,Váy xòe,8
CF4A86F2FD7306C4C2585FE43B236898,2838002,"Kem lột, trị mụn",54
CF8954443194D4F58D187DB3F2879064,2629559,Áo khoác cách điệu,49
CF8954443194D4F58D187DB3F2879064,2773301,Áo khoác cách điệu,33
CF8954443194D4F58D187DB3F2879064,2929435,Đầm suông,214
CFCBEFC4C465986A073D7C40A22B6CDC,1857608,Túi du lịch tiện ích,112
CFCBEFC4C465986A073D7C40A22B6CDC,1857608,Túi du lịch tiện ích,305
CFCBEFC4C465986A073D7C40A22B6CDC,2848979,Túi du lịch tiện ích,67
D09EEC3AC53696181A8E34BC32B0275D,1880334,Áo khoác cách điệu,700
D1EB7D62491F515B75C5A59E80A17FF0,2100978,Giày sneaker nam,215
D1EB7D62491F515B75C5A59E80A17FF0,2334622,Giày sneaker nam,3625
D1EB7D62491F515B75C5A59E80A17FF0,2334622,Giày sneaker nam,56
D1EB7D62491F515B75C5A59E80A17FF0,2334636,Giày sneaker nam,90
D1EB7D62491F515B75C5A59E80A17FF0,2681980,Giày sneaker nam,73
D283FD14BE1E61073F10E6E501CD404A,2849061,Đầm ôm,661
D283FD14BE1E61073F10E6E501CD404A,2880130,Đầm xòe,237
D2926397EE00C602BEC4A45A321DB349,2292864,"Chăm sóc sức khỏe, vitamin",62
D389BB6FCD06D5D2990EF17236171DB5,2893941,Pin sạc dự phòng,61
D3C88FFC1BD68C5C6927837DA7370CDA,2387984,Sơ mi tay dài,25
D3C88FFC1BD68C5C6927837DA7370CDA,2387984,Sơ mi tay dài,51
D3C88FFC1BD68C5C6927837DA7370CDA,2387984,Sơ mi tay dài,60
D3C88FFC1BD68C5C6927837DA7370CDA,2896093,Sơ mi tay dài,23
D3C88FFC1BD68C5C6927837DA7370CDA,2896509,Sơ mi tay dài,8
D3C88FFC1BD68C5C6927837DA7370CDA,2921335,Sơ mi tay dài,60
D40D5A1E22C0E1B33A72843BF8D9F37E,2781040,Bộ ,93
D55D60A81723DD61274DAF9AE3046F99,2178705,Quần lót,99
D5A992B054154D5AC686B2B77997D210,635254,Giày sneaker nam,90
D5A992B054154D5AC686B2B77997D210,2113843,Giày sneaker nam,355
D5A992B054154D5AC686B2B77997D210,2589461,Giày sneaker nam,11
D5A992B054154D5AC686B2B77997D210,2719252,Giày sneaker nam,47
D74B24BC484F708BA68EEC033D236EA7,1994842,Đầm xòe,60
D74B24BC484F708BA68EEC033D236EA7,2006581,Đầm xòe,72
D7AF00603002D2581F3CDBCFDAC2A2EA,1016279,Giày cao gót,24
D7AF00603002D2581F3CDBCFDAC2A2EA,1167679,Giày cao gót,79
D7AF00603002D2581F3CDBCFDAC2A2EA,2547028,Giày cao gót,141
D7AF00603002D2581F3CDBCFDAC2A2EA,2648168,Giày cao gót,87
D7AF00603002D2581F3CDBCFDAC2A2EA,2648168,Giày cao gót,24
D7AF00603002D2581F3CDBCFDAC2A2EA,2648218,Giày cao gót,76
D7AF00603002D2581F3CDBCFDAC2A2EA,2754398,Giày cao gót,28
D7AF00603002D2581F3CDBCFDAC2A2EA,2754398,Giày cao gót,34
D7AF00603002D2581F3CDBCFDAC2A2EA,2919194,Giày cao gót,168
D7FF06CA2F1770702298D85D02DB7975,2847190,Túi đeo chéo nữ,290
D7FF06CA2F1770702298D85D02DB7975,2847190,Túi đeo chéo nữ,275
D7FF06CA2F1770702298D85D02DB7975,2847326,Túi đeo chéo nữ,2282
D8B84F71EE65AA2293F299A4224D8833,775799,Sơ mi tay dài,22
D8B84F71EE65AA2293F299A4224D8833,840941,Sơ mi tay dài,73
D9BE904A99E02285CFE69D6AE08CB664,2178705,Quần lót,46
DC14C84B7E66BB2C96A48EA4491F1BCB,2199642,Nón,31
DCA7AC676FF53981D3F22E48628F46BE,2209939,Đồng hồ thể thao,18
DCA7AC676FF53981D3F22E48628F46BE,2209939,Đồng hồ thể thao,4
DCA7AC676FF53981D3F22E48628F46BE,2209939,Đồng hồ thể thao,4
DCA7AC676FF53981D3F22E48628F46BE,2209939,Đồng hồ thể thao,2
DCA7AC676FF53981D3F22E48628F46BE,2316712,Đồng hồ kim,2
DCA7AC676FF53981D3F22E48628F46BE,2683269,Đồng hồ kim,48
DCA7AC676FF53981D3F22E48628F46BE,2683269,Đồng hồ kim,4
DCA7AC676FF53981D3F22E48628F46BE,2683269,Đồng hồ kim,3
DCA7AC676FF53981D3F22E48628F46BE,2683269,Đồng hồ kim,5
DCA7AC676FF53981D3F22E48628F46BE,2683269,Đồng hồ kim,6
DCA7AC676FF53981D3F22E48628F46BE,2683269,Đồng hồ kim,4
DCA7AC676FF53981D3F22E48628F46BE,2683269,Đồng hồ kim,4
DCA7AC676FF53981D3F22E48628F46BE,2683269,Đồng hồ kim,4
DCA7AC676FF53981D3F22E48628F46BE,2683269,Đồng hồ kim,2
DCA7AC676FF53981D3F22E48628F46BE,2683269,Đồng hồ kim,158
DCA7AC676FF53981D3F22E48628F46BE,2683269,Đồng hồ kim,25
DCA7AC676FF53981D3F22E48628F46BE,2683269,Đồng hồ kim,2
DE570A5D3CBC56E056392D69592972BF,2206581,Giày sneaker nam,46
DE570A5D3CBC56E056392D69592972BF,2559922,Giày bốt nam,11
DE570A5D3CBC56E056392D69592972BF,2774346,Giày tây,18
DE570A5D3CBC56E056392D69592972BF,2774346,Giày tây,15
DE570A5D3CBC56E056392D69592972BF,2873443,"Giày lười, giày mọi nam",12
DE570A5D3CBC56E056392D69592972BF,2905009,"Giày lười, giày mọi nam",29
DFB15A5BEB64A189FC43C9292446E043,2905654,Sơ mi tay dài,8
E043B25878A7D881A206337D0903B73A,2574716,Bật lửa,44
E043B25878A7D881A206337D0903B73A,2820314,Bật lửa,187
E043B25878A7D881A206337D0903B73A,2878026,Bật lửa,3358
E067B9196D1986DAB858EBE6063C1E17,1131633,Giày sneaker nam,54
E067B9196D1986DAB858EBE6063C1E17,2049133,Giày sneaker nam,50
E067B9196D1986DAB858EBE6063C1E17,2118107,Giày sneaker nam,34
E067B9196D1986DAB858EBE6063C1E17,2157866,Giày sneaker nam,94
E067B9196D1986DAB858EBE6063C1E17,2344633,Giày sneaker nam,133
E067B9196D1986DAB858EBE6063C1E17,2461761,Giày sneaker nam,83
E067B9196D1986DAB858EBE6063C1E17,2465553,Giày sneaker nam,50
E067B9196D1986DAB858EBE6063C1E17,2479398,Giày sneaker nam,63
E067B9196D1986DAB858EBE6063C1E17,2479412,Giày sneaker nam,50
E067B9196D1986DAB858EBE6063C1E17,2492251,Giày sneaker nam,78
E067B9196D1986DAB858EBE6063C1E17,2533975,Giày sneaker nam,45
E067B9196D1986DAB858EBE6063C1E17,2568289,Giày sneaker nam,122
E067B9196D1986DAB858EBE6063C1E17,2632252,Giày sneaker nam,28
E067B9196D1986DAB858EBE6063C1E17,2643213,Giày sneaker nam,106
E067B9196D1986DAB858EBE6063C1E17,2706579,Giày sneaker nam,35
E067B9196D1986DAB858EBE6063C1E17,2767870,Giày sneaker nam,54
E067B9196D1986DAB858EBE6063C1E17,2869151,Giày sneaker nam,55
E067B9196D1986DAB858EBE6063C1E17,2870865,Giày sneaker nam,25
E067B9196D1986DAB858EBE6063C1E17,2871727,Giày sneaker nam,48
E067B9196D1986DAB858EBE6063C1E17,2892131,Giày sneaker nam,78
E067B9196D1986DAB858EBE6063C1E17,2892142,Giày sneaker nam,21
E067B9196D1986DAB858EBE6063C1E17,2900287,Giày sneaker nam,42
E067B9196D1986DAB858EBE6063C1E17,2900287,Giày sneaker nam,170
E067B9196D1986DAB858EBE6063C1E17,2905152,Giày sneaker nam,72
E067B9196D1986DAB858EBE6063C1E17,2918913,Giày sneaker nam,118
E067B9196D1986DAB858EBE6063C1E17,2919659,Giày sneaker nam,51
E067B9196D1986DAB858EBE6063C1E17,2926557,Giày sneaker nam,46
E0ADFCA882A42B4F7BA3CB30F521ABF2,2764082,Sản phẩm khác,9
E0ADFCA882A42B4F7BA3CB30F521ABF2,2781162,Áo kiểu,42
E0ADFCA882A42B4F7BA3CB30F521ABF2,2813004,Áo kiểu,30
E0ADFCA882A42B4F7BA3CB30F521ABF2,2820892,Áo kiểu,21
E0ADFCA882A42B4F7BA3CB30F521ABF2,2820892,Áo kiểu,19
E0ADFCA882A42B4F7BA3CB30F521ABF2,2820892,Áo kiểu,45
E0ADFCA882A42B4F7BA3CB30F521ABF2,2820892,Áo kiểu,16
E0ADFCA882A42B4F7BA3CB30F521ABF2,2820892,Áo kiểu,18
E0ADFCA882A42B4F7BA3CB30F521ABF2,2823263,Áo kiểu,7
E0ADFCA882A42B4F7BA3CB30F521ABF2,2829984,Áo kiểu,10
E0ADFCA882A42B4F7BA3CB30F521ABF2,2866171,Áo kiểu,7
E0ADFCA882A42B4F7BA3CB30F521ABF2,2870820,Áo kiểu,16
E0ADFCA882A42B4F7BA3CB30F521ABF2,2872104,Áo kiểu,16
E0ADFCA882A42B4F7BA3CB30F521ABF2,2879511,Áo kiểu,25
E0ADFCA882A42B4F7BA3CB30F521ABF2,2893186,Áo kiểu,144
E0ADFCA882A42B4F7BA3CB30F521ABF2,2905145,Áo kiểu,31
E0ADFCA882A42B4F7BA3CB30F521ABF2,2910737,Áo kiểu,4
E0F335F3B4115CC83C481CFB8701B6E5,2298073,Đồng hồ thông minh,342
E0F335F3B4115CC83C481CFB8701B6E5,2396688,Đồng hồ thông minh,457
E0F335F3B4115CC83C481CFB8701B6E5,2542337,Đồng hồ thông minh,379
E19CD6B8EDCDFAA74A8977344DB73C37,2836998,Khác,164
E252BBB62A8C8FEB3A79060295C34E3D,2636920,Quần jeans ống côn skinny,20
E252BBB62A8C8FEB3A79060295C34E3D,2638379,Quần jeans ống côn skinny,70
E252BBB62A8C8FEB3A79060295C34E3D,2844596,Quần jeans ống côn skinny,28
E252BBB62A8C8FEB3A79060295C34E3D,2881970,Áo polo có cổ,266
E252BBB62A8C8FEB3A79060295C34E3D,2924060,Quần jeans ống côn skinny,64
E2FCE0947AB902A85835920CF64EB7CD,2182628,Quần lót,147
E32A6237DB6B664A952C2F767C706450,2824565,Áo sơ mi công sở,80
E32A6237DB6B664A952C2F767C706450,2912681,Áo sơ mi công sở,16
E3E6A15B963ECE9D2AE4E3661C67C376,2616547,"Leo núi, cắm trại",91
E4EE359541E203997C7AD7B1D7BF29DD,2036838,"Dầu gội, sữa tắm khô",1354
E4EE359541E203997C7AD7B1D7BF29DD,2823034,Áo khoác chống nắng,39
E4EE359541E203997C7AD7B1D7BF29DD,2824589,Áo khoác thể thao,4
E53023EC5E0C310EDF9863E5BAEEF659,2077828,Giày cao gót,22
E53023EC5E0C310EDF9863E5BAEEF659,2077828,Giày cao gót,84
E53023EC5E0C310EDF9863E5BAEEF659,2526592,Giày cao gót,66
E53023EC5E0C310EDF9863E5BAEEF659,2546391,Giày cao gót,23
E5D6CDC01E16232D36ED6F45D1077642,2823276,Tai nghe,47
E65C8FF7D6515781C29D70160DA49B2B,2117637,Pin sạc dự phòng,1389
E6CF89D9BE81D79BB70959F9273E9CB6,2796826,Pin sạc dự phòng,285
E75BE78B27202F572B992E0F8F418BCE,2393708,Giày bốt nam,32
E75BE78B27202F572B992E0F8F418BCE,2395162,Quần jeans ống côn skinny,17
E75BE78B27202F572B992E0F8F418BCE,2506727,Giày bốt nam,24
E75BE78B27202F572B992E0F8F418BCE,2524176,Giày bốt nam,32
E75BE78B27202F572B992E0F8F418BCE,2600060,Giày bốt nam,23
E75BE78B27202F572B992E0F8F418BCE,2722393,Giày bốt nam,107
E75BE78B27202F572B992E0F8F418BCE,2723351,Quần jeans ống côn skinny,32
E75BE78B27202F572B992E0F8F418BCE,2806721,Giày bốt nam,11
E75BE78B27202F572B992E0F8F418BCE,2856192,Quần jeans ống côn skinny,1941
E9D9D917BD5561A642F6DD5127DDE492,2798174,Áo bầu,27
EA803CCAD853F8F46C9090AA695A7D8D,2571789,Quần thời trang,7
EA803CCAD853F8F46C9090AA695A7D8D,2571799,Quần kiểu khác,19
EA803CCAD853F8F46C9090AA695A7D8D,2916664,Quần jogger,74
EB63787714BA3399A2AAC8C1392D9A45,2082642,Giày sneaker nam,14
EB63787714BA3399A2AAC8C1392D9A45,2100978,Giày sneaker nam,23
EB63787714BA3399A2AAC8C1392D9A45,2308102,Giày sneaker nam,14
EB63787714BA3399A2AAC8C1392D9A45,2458680,Giày sneaker nam,46
EB63787714BA3399A2AAC8C1392D9A45,2461761,Giày sneaker nam,1
EB63787714BA3399A2AAC8C1392D9A45,2840136,Giày sneaker nam,403
EC996FD618581E0114A427E373A7A7B0,2156649,Váy ngủ,174
EC996FD618581E0114A427E373A7A7B0,2496329,Nước hoa nữ,60
EC996FD618581E0114A427E373A7A7B0,2502059,Kính nữ,109
EC996FD618581E0114A427E373A7A7B0,2502059,Kính nữ,4
EC996FD618581E0114A427E373A7A7B0,2875886,Váy ngủ,280
ED5991F75547A344DDCD32EEE67D8270,1975122,Tai nghe,17
ED5991F75547A344DDCD32EEE67D8270,2502280,Tai nghe,5
ED5991F75547A344DDCD32EEE67D8270,2584778,Tai nghe,10
ED5991F75547A344DDCD32EEE67D8270,2635595,Tai nghe,6
ED5991F75547A344DDCD32EEE67D8270,2680941,Tai nghe,50
ED5991F75547A344DDCD32EEE67D8270,2727261,Tai nghe,19
ED5991F75547A344DDCD32EEE67D8270,2727261,Tai nghe,17
ED5991F75547A344DDCD32EEE67D8270,2739070,Tai nghe,46
ED5991F75547A344DDCD32EEE67D8270,2798024,Tai nghe,16
ED5991F75547A344DDCD32EEE67D8270,2815961,Tai nghe,73
ED5991F75547A344DDCD32EEE67D8270,2815961,Tai nghe,16
ED5991F75547A344DDCD32EEE67D8270,2823276,Tai nghe,16
ED5991F75547A344DDCD32EEE67D8270,2847387,Tai nghe,82
ED5991F75547A344DDCD32EEE67D8270,2859366,Tai nghe,21
ED5991F75547A344DDCD32EEE67D8270,2918200,Tai nghe,36
ED5991F75547A344DDCD32EEE67D8270,2932656,Tai nghe,11
ED69DD8AF7CF588C01295B968F07FDAA,2514152,Son tint,1273
ED69DD8AF7CF588C01295B968F07FDAA,2564480,Áo kiểu,772
ED95713BC649553AE72F2C2BFB59ABD5,2092484,Giày thể thao nam,6
ED95713BC649553AE72F2C2BFB59ABD5,2819631,Giày thể thao nam,32
ED95713BC649553AE72F2C2BFB59ABD5,2843617,Giày sneaker nam,239
ED95713BC649553AE72F2C2BFB59ABD5,2844908,Giày sneaker nam,52
ED95713BC649553AE72F2C2BFB59ABD5,2892637,Giày thể thao nam,289
EE13AC5D93F0970429A3598FB89361E0,2515577,Quần jeans ống côn skinny,2
EE13AC5D93F0970429A3598FB89361E0,2738659,Quần jeans ống côn skinny,320
EE13AC5D93F0970429A3598FB89361E0,2738659,Quần jeans ống côn skinny,27
EE13AC5D93F0970429A3598FB89361E0,2745443,Quần jeans ống côn skinny,5
EE13AC5D93F0970429A3598FB89361E0,2872126,Quần jogger,7
EE13AC5D93F0970429A3598FB89361E0,2872131,Quần jogger,219
EE9194362594F39EE76D383BC5A7A31F,1882998,Áo và quần culottes,1943
EF233CAE322B23A5ED9920AECEB45294,2823536,Áo kiểu,44
EF233CAE322B23A5ED9920AECEB45294,2825013,Áo kiểu,44
EF233CAE322B23A5ED9920AECEB45294,2844793,Áo kiểu,184
EF233CAE322B23A5ED9920AECEB45294,2844793,Áo kiểu,5
F07E994524EE835F7CC3B7F6EA1EA6B3,2029469,Quần lót,10
F07E994524EE835F7CC3B7F6EA1EA6B3,2083064,Quần lót,18
F07E994524EE835F7CC3B7F6EA1EA6B3,2105270,Quần lót,67
F07E994524EE835F7CC3B7F6EA1EA6B3,2178705,Quần lót,48
F07E994524EE835F7CC3B7F6EA1EA6B3,2178705,Quần lót,5
F07E994524EE835F7CC3B7F6EA1EA6B3,2251478,Quần lót,207
F07E994524EE835F7CC3B7F6EA1EA6B3,2386475,Sản phẩm khác,59
F07E994524EE835F7CC3B7F6EA1EA6B3,2463252,Quần lót,42
F07E994524EE835F7CC3B7F6EA1EA6B3,2611589,Váy ngủ,71
F1020CF017571205E9FF096AD1D72A55,2405030,Áo và chân váy,118
F1020CF017571205E9FF096AD1D72A55,2541620,Áo và chân váy,44
F131DA0176D386596CC56BC0C54DE6EA,2709249,Đồng hồ thể thao,4
F29AD2E429A6FA52827028A10A0DB80B,2105270,Quần lót,15
F29AD2E429A6FA52827028A10A0DB80B,2129835,Quần lót,42
F2E47B42027F4849CCE570489584C244,2402538,Giày sneaker nam,90
F2E47B42027F4849CCE570489584C244,2504630,Giày sneaker nam,25
F2E47B42027F4849CCE570489584C244,2522866,Giày sneaker nam,170
F2E47B42027F4849CCE570489584C244,2796725,Giày sneaker nam,273
F378FC27FFF5EB86AE303A720909C98B,2813809,Dụng cụ làm đẹp,95
F512997DD2B59AEB954683650746016C,2490844,Son thỏi,187
F512997DD2B59AEB954683650746016C,2774774,Son thỏi,28
F512997DD2B59AEB954683650746016C,2821186,Son thỏi,139
F512997DD2B59AEB954683650746016C,2835115,Son thỏi,165
F512997DD2B59AEB954683650746016C,2928890,Son thỏi,70
F545653768C9A89C7170C25CE2DC7DEF,2007918,Thiết bị không dây,93
F5A9A25C88555FFFDE480E2FE66BAF71,1176262,Đồng hồ thời trang,145
F5A9A25C88555FFFDE480E2FE66BAF71,1176262,Đồng hồ thời trang,75
F5A9A25C88555FFFDE480E2FE66BAF71,2327365,Đồng hồ thời trang,40
F5A9A25C88555FFFDE480E2FE66BAF71,2531614,Đồng hồ thời trang,89
F5A9A25C88555FFFDE480E2FE66BAF71,2606261,Đồng hồ thời trang,49
F5A9A25C88555FFFDE480E2FE66BAF71,2752587,Đồng hồ thời trang,242
F6618BAEDC0A115468823D4157863714,2324426,Quần kaki,394
F6618BAEDC0A115468823D4157863714,2538630,Quần kaki,218
F6618BAEDC0A115468823D4157863714,2801064,Quần kaki,17
F6618BAEDC0A115468823D4157863714,2845338,Quần kaki,58
F6FC736561DB0612E346B58658296470,1208983,Balo nữ,52
F6FC736561DB0612E346B58658296470,1349956,Balo nữ,96
F6FC736561DB0612E346B58658296470,1946995,Balo nữ,69
F6FC736561DB0612E346B58658296470,1994212,Balo nữ,19
F6FC736561DB0612E346B58658296470,2363545,Giày sneaker nữ,159
F6FC736561DB0612E346B58658296470,2661869,Balo nữ,36
F6FC736561DB0612E346B58658296470,2661869,Balo nữ,9
F6FC736561DB0612E346B58658296470,2692368,Balo nữ,2
F6FC736561DB0612E346B58658296470,2694336,Balo nữ,392
F6FC736561DB0612E346B58658296470,2788351,Balo nữ,60
F6FC736561DB0612E346B58658296470,2788968,Balo nữ,75
F6FC736561DB0612E346B58658296470,2915833,Balo nữ,161
F6FC736561DB0612E346B58658296470,2918242,Balo nữ,241
F86E3F598863F7382B0C164CB5B9C06E,2789991,Quần jeans ống côn skinny,5
F942D7B0377D64F1280EA7BB8DCC3A47,2820971,Mắt kính thông minh,144
F942D7B0377D64F1280EA7BB8DCC3A47,2840078,Phụ kiện khác,102
F942D7B0377D64F1280EA7BB8DCC3A47,2842729,Mắt kính thông minh,2330
F942D7B0377D64F1280EA7BB8DCC3A47,2857835,Phụ kiện khác,50
F942D7B0377D64F1280EA7BB8DCC3A47,2892959,Mắt kính thông minh,3
F942D7B0377D64F1280EA7BB8DCC3A47,2892959,Mắt kính thông minh,109
F942D7B0377D64F1280EA7BB8DCC3A47,2894198,Mắt kính thông minh,138
F942D7B0377D64F1280EA7BB8DCC3A47,2894198,Mắt kính thông minh,13
F942D7B0377D64F1280EA7BB8DCC3A47,2905987,Phụ kiện khác,631
F942D7B0377D64F1280EA7BB8DCC3A47,2905987,Phụ kiện khác,40
F942D7B0377D64F1280EA7BB8DCC3A47,2911142,Phụ kiện khác,82
F942D7B0377D64F1280EA7BB8DCC3A47,2911142,Phụ kiện khác,184
F942D7B0377D64F1280EA7BB8DCC3A47,2911142,Phụ kiện khác,813
F942D7B0377D64F1280EA7BB8DCC3A47,2911142,Phụ kiện khác,75
F942D7B0377D64F1280EA7BB8DCC3A47,2911142,Phụ kiện khác,56
F942D7B0377D64F1280EA7BB8DCC3A47,2916192,Mắt kính thông minh,262
F942D7B0377D64F1280EA7BB8DCC3A47,2925889,Mắt kính thông minh,488
F942D7B0377D64F1280EA7BB8DCC3A47,2934971,Mắt kính thông minh,91
F942D7B0377D64F1280EA7BB8DCC3A47,2936475,Phụ kiện khác,203
F97AD4D1A15A2CBD015E5861E0789154,715758,Áo sơ mi công sở,55
F97AD4D1A15A2CBD015E5861E0789154,715758,Áo sơ mi công sở,11
F97AD4D1A15A2CBD015E5861E0789154,715758,Áo sơ mi công sở,928
F97AD4D1A15A2CBD015E5861E0789154,2614820,Áo và quần dài,126
F97AD4D1A15A2CBD015E5861E0789154,2614820,Áo và quần dài,4
F97AD4D1A15A2CBD015E5861E0789154,2614820,Áo và quần dài,306
F97AD4D1A15A2CBD015E5861E0789154,2898297,Đầm ôm,238
F97AD4D1A15A2CBD015E5861E0789154,2898316,Áo và quần dài,132
F97AD4D1A15A2CBD015E5861E0789154,2937031,Áo và quần dài,24
FC240AFCEC1D2ACDAA04E1CA88656AA8,2251380,Pin sạc dự phòng,577
FC240AFCEC1D2ACDAA04E1CA88656AA8,2251380,Pin sạc dự phòng,5
FC240AFCEC1D2ACDAA04E1CA88656AA8,2748695,Pin sạc dự phòng,89
FC240AFCEC1D2ACDAA04E1CA88656AA8,2748695,Pin sạc dự phòng,1839
FC240AFCEC1D2ACDAA04E1CA88656AA8,2748695,Pin sạc dự phòng,15
FC240AFCEC1D2ACDAA04E1CA88656AA8,2748711,Pin sạc dự phòng,16
FC240AFCEC1D2ACDAA04E1CA88656AA8,2831779,Pin sạc dự phòng,102
FC240AFCEC1D2ACDAA04E1CA88656AA8,2831779,Pin sạc dự phòng,92
FC240AFCEC1D2ACDAA04E1CA88656AA8,2831779,Pin sạc dự phòng,2372
FC240AFCEC1D2ACDAA04E1CA88656AA8,2831779,Pin sạc dự phòng,23
FC240AFCEC1D2ACDAA04E1CA88656AA8,2831779,Pin sạc dự phòng,6
FC978817BE815BDC02AE64B5AE5D416E,2612367,Đầm suông,9
FC978817BE815BDC02AE64B5AE5D416E,2740005,Đầm ôm,10
FC978817BE815BDC02AE64B5AE5D416E,2764320,Áo kiểu,11
FC978817BE815BDC02AE64B5AE5D416E,2824669,Áo kiểu,18
FD5FB3059410D05870BC9D23D4D8C230,999730,Trang sức,10
FD5FB3059410D05870BC9D23D4D8C230,1383965,Trang sức,19
FD5FB3059410D05870BC9D23D4D8C230,1994334,Trang sức,13
FD5FB3059410D05870BC9D23D4D8C230,2134417,Trang sức,11
FD5FB3059410D05870BC9D23D4D8C230,2165017,Trang sức,15
FD5FB3059410D05870BC9D23D4D8C230,2189867,Trang sức,12
FD5FB3059410D05870BC9D23D4D8C230,2213202,Trang sức,144
FD5FB3059410D05870BC9D23D4D8C230,2277246,Trang sức,11
FD5FB3059410D05870BC9D23D4D8C230,2486229,Trang sức,39
FD5FB3059410D05870BC9D23D4D8C230,2785672,Trang sức,46
FEA2AC207507E0442655544D74CC5C6B,2259921,Giày sandal nữ,14
FEA2AC207507E0442655544D74CC5C6B,2796806,Giày sandal nữ,31
FEA2AC207507E0442655544D74CC5C6B,2878870,Giày sandal nữ,27
FEA2AC207507E0442655544D74CC5C6B,2880368,Giày sandal nữ,56
FF24D6B4C0C0137C213C34472D003B72,2549669,Giày tây,97
FF762ECB132155219617318112B9B093,2910675,Đầm maxi,25
